idx,type,len,payload_hex
0,55,14,AA0114
1,DD,272,0000AE028741D02244D9A60BE371F901B82F508B12F680F4788E30FC0476EA7F28E4E50C66B47403EF0A82118AA308F22A9114D415C0B7A8CE7EE870DFCFE635BD1A2BED9A2184D8588F3316EC56FB3B693D6506BE95F78C5CE9F8863617F5884F5743AF25BA775226C46A34F15D1DBB68926794AB0D396DB64DDB93EE51FF1EE7204087
2,DD,272,00804BF3D7324979B059AC3A9B0F6CA9056B23A1CC60C37CD6B55585A5E2489E813E73C25ABCA71BADFE621F9C3FA46FEB5B298DC84CFA45D3AA7B1075BF472EB99990005EDC7A096E3CF0CAE0B2FDB17D8972D15396382D619F074283C1184697C5194A98C6244E9DC72754A0C9375FA2CD63B3D2640ED531E11CDE2CDADD13CB40415D
3,DA,22,00000011000100
4,DD,272,010018B400EBC10101F5C052183253881B1803F2147343F0010341F61504615C002903D0022905D002D309E011BC184712BC18471188091801F2147114BC1847FF2012BC7047FFFFFFFFFFFFFFFFFFFFFFFFFFFFFFFFFFFFFFFFFFFFFFFFFFFFFFFFFFFFFFFFFFFFFFFFFFFFFFFFFFFFFFFFFFFFFFFFFFFFFFFFFFFFFFFFFFFFFFFF5368
5,DA,22,01000110020103
6,DD,272,018010B489B0E4218DF80010F7218DF80110FF218DF802101F218DF80310002105AB03E0009A8A5CCA54491C1029F9D300218DF80010F8218DF8011001218DF8021008218DF80310002100E0491CB1F5006F0DD2009A8A181378452BF6D15378452BF3D19378452BF0D1D278452AEDD11239002207E0009B8C18E35C83F03C0301AC341D
7,DD,272,02001355521C102AF5D3002100E0491C102915D201AA8A5C05ABCB5C9A42F6D000F5B8501430452101705221417081703021C1703121017100214171FC2000E0002009B010BC7047FFFFFFFFFFFFFFFFFFFFFFFFFFFFFFFFFFFFFFFFFFFFFFFFFFFFFFFFFFFFFFFFFFFFFFFFFFFFFFFFFFFFFFFFFFFFFFFFFFFFFFFFFFFFFFFFFFFF52C0
8,DA,22,0180010F010181
9,EE,20,010F01000114
10,DD,144,018080B5064800909DF8000040F001008DF8000000988047002002BD00BF010A0008FFFFFFFFFFFFFFFFFFFFFFFFFFFFFFFFFFFFFFFFFFFFFFFFFFFFFFFFFFFFFFFF2AC1
11,DA,22,01800100000171
12,DD,144,01C080B5064800909DF8000040F001008DF8000000988047002002BD00BF130A0008FFFFFFFFFFFFFFFFFFFFFFFFFFFFFFFFFFFFFFFFFFFFFFFFFFFFFFFFFFFFFFFF2B13
13,DA,22,01C001010001B2
14,DD,144,020038B50C460A4800909DF8000040F001008DF80000002505E02068281800998847A068451960688542F6D3002032BD00BF410A0008FFFFFFFFFFFFFFFFFFFFFFFF1D6D
15,DA,22,020001020200F6
16,DD,272,0240F8B504460D460E4800909DF8000040F001008DF80000AE68002700E0BF1C686887420BD2F0190019B0F8141728683818009A90470028F1D1FF20F2BD0020F2BD770A0008FFFFFFFFFFFFFFFFFFFFFFFFFFFFFFFFFFFFFFFFFFFFFFFFFFFFFFFFFFFFFFFFFFFFFFFFFFFFFFFFFFFFFFFFFFFFFFFFFFFFFFFFFFFFFFFFFFFFFFFF5637
17,DA,22,02400103020137
18,DD,144,02C010B400200A68034603E09C5C201880B25B1C4C68A342F8D30989884201D0FF2000E0002010BC7047FFFFFFFFFFFFFFFFFFFFFFFFFFFFFFFFFFFFFFFFFFFFFFFF282A
19,DA,22,02C001040201B8
20,DD,272,03002DE9F0410C4600231F4A154607E05919C9785E19B67806EB01210831CB184AF6AA215E1976785F5D07EB06268E42EED0D5182288101800F21476144F47F001072846B847616889B2A81CB8476188281DB847AD1D4FF000080CE008EB0600407818F8061001EB002189B208EB0500B84708F1020860688045EFD345F2555140192F94
21,DD,144,0380B8470020BDE8F08100DC0108770A0008FFFFFFFFFFFFFFFFFFFFFFFFFFFFFFFFFFFFFFFFFFFFFFFFFFFFFFFFFFFFFFFFFFFFFFFFFFFFFFFFFFFFFFFFFFFFFFFF36E8
22,DA,22,030001050200FA
23,EE,20,010000000104
24,EE,44,0102020C0030000800040000000400000154
25,DE,48,0B80FA5B87412FDDBB2659F41C8E06FE47D0099A
26,EE,44,0103020C0030000810000000800B000001E8
27,EE,44,0102020C0010000800200000000400000150
28,DE,272,0B802EB784B1D3DA47298BF3F88156F9B46750F3D20500F478A6332C068681812A14A0F2644476FD00F98A918CEA00923B61B82C143052537396E930DC3F798DBD1A1BED9A0138D858AFB3A3F8A6D0C395DA9AF9416A0873A3160779C9E80A77B0A8BC50DA4588ADD93B95CB0EA2E244976D986B54F2C69249B2246C11AE00E118DF4256
29,DE,272,0C0051FD78BE2FDDBB2659F41C8E06FE47D0AF74ED097F0B8771CF03FB891580D71B1AF3994B8BFC10F57DEE755CF70DD56EEB2BEA3F48573181178F203019CA42E5D41265DE7B27A770CCE913A904C496C29AF9416A0873A3160779C9E80A77B0A8BC50DA4588ADD93B95CB0EA2E244976D986B54F2C69249B2246C11AE00E118DF40EA
30,DE,272,0C80AE528761D12A44D1154BE3794441B82797CB12FE51B47886EBBC047E5B3F28EC544C66BCC543EF0233518AABEDB22A99F39415C806E8CE760130DFC70D75BD122AAC9A29879958873657EC5EFC7A69356C47BE9DFCCD5CE1F5C7361FFAC94F5F52EE25B2641326CC7F75F1550AFA689A7ED5AB05222CB645C6D2EE59E05FE72841C9
31,DE,272,0D008F438749F36344D1834AE379DE40B82779CA12FEABB578861DBD047EC53E28ECD64D66BC4142EF02B5508AAB31B32A992F9515C88AE9CE76D731DFC7A774BD1268AC9A29C19958877457EC5EB27A69352E47BE9DBACD5CE1B7C7361FA4C94F5F10EE25B2221326CC3D75F15544FA689A3CD5AB05642CB64584D2EE599E5FE728417B
32,DE,272,0D80CD438749B56344D1C14AE3799040B8273BCA12FEEDB578865FBD047E9B3E28EC964D66BC0142EF02F5508AAB71B32A99EB2BEA3F48573181178F203019CA42E5D41265DE7B27A770CCE913A904C496C29AF9416A0873A3160779C9E80A77B0A8BC50DA4588ADD93B95CB0EA2E244976D986B54F2C69249B2246C11AE00E118DF406D
33,DE,272,0E0051FD78BE2FDDBB2659F41C8E06FE47D0AF74ED097F0B8771CF03FB891580D71B1AF3994B8BFC10F57DEE755CF70DD56EEB2BEA3F48573181178F203019CA42E5D41265DE7B27A770CCE913A904C496C29AF9416A0873A3160779C9E80A77B0A8BC50DA4588ADD93B95CB0EA2E244976D986B54F2C69249B2246C11AE00E118DF40EC
34,DE,272,0E8056B79FB10BDE4029E6F6EB8170FB8E6658FB10DE8325C566C1BC168640C428CCE0DC54FC757BB92383C0CB8209821AD9165C0486B481C8A5C438DCB7A71EBFCB6895CE0A8708E567C256E8A69D856F146CDD3DEDA0A75A383BFE7B3CF659F2BFB2EF234A22EE058F314C0D761B6A6BEB34BFA8DC8485470DDD63B8EC0037E4FD44F2
35,DE,272,0F0013EA7601D4D20D677415B771E34BAC5F4AC01D04F0F19C3C56A11A068E63CC56815171F95873F2728DE3FEA50E19EF97A3AC02B0B787DDAE7888DD0F8170B7CBDC950AD987183FCA32C6EF7FF8EA1955D8EE4CD5F7CB31F5E5F6DBA559CAAD85FE47D4FA73A23F7ACC04F17D459068B23B94AB2D397EB66D5A93EE715B2EE7004658
36,EE,44,0103020C0010000800040000800B000001BC
37,DE,272,0B800B328761D02047F58B33DA3FB654EE750BD74FA9E09419EA559963118D184E82E50C3CB49D7EEF028211C3A3E99D2A9914D451C02AC6CE76E8709E83D350BD122BEDDB7315BD58873316AE12465E69356506FCDC00E95CE1F886752746EE4F5F43AF668BC03426CC6A34B20E3AD6689A6794EF3D8603B645DB93AA603270E7283ED6
38,DE,272,0C00AE02C3112B4C44D1A60BA641C26EB827508B57C7C99B788630FC42339B1028ECE50C20FD096CEF028211CCF79D9D2A9914D45DF076C7CE76E87097FE295ABD122BEDD36077B758873316A613C64969356506F4C672FE5CE1F8867D4004FA4F5F43AF698AFE2126CC6A34BD6C84C8689A6794E75D941EB645DB93A3611A6DE7283FEC
39,DE,272,0C80AE02CA70295144D1A60BAE30F075B827508B5CBACD81788630FC5435610A28ECE50C3484EF74EF028211D892A3852A9914D447845ADFCE76E8708D99D74DBD122BEDC911BBA058873316BF67B44369356506EDDC9AF55CE1F8866544E4F34F5F43AF738AAC2926CC6A34A76CECC0689A6794FC5ED811B645DB93AE60CE63E72842A8
40,DE,272,0D00AE02C773915F44D1A60BA23CBC64B827508B53A26590788630FC47331D1928ECE50C25E64F6AEF028211CEEED39C2A9914D45190BEC7CE76E87096883B44BD122BEDD176D5AB58873316BC061C4D69356506ECC1F2F45CE1F886654738F14F5F43AF71EABA2B26CC6A34B21CA6DD689A6794E84BA20AB645DB93AD01E877E728402D
41,DE,272,0D80AE02C412754F44D1A60BA025246CB827508B54B4D79B788630FC4222431028ECE50C2FF65973EF028211C3E511832A9914D45F88EEDACE76E870959B4347BD122BEDD77385AD58873316A102DC4E69356506ECD44CFB5CE1F886645370F14F5F43AF76EA2E2826CC6A34A51CB0C0689A6794FF5D6017B645DB93BD15A066E7283ED2
42,DE,272,0E00AE02D4136B5544D1A60BB025D07AB827508B41A1E98F788630FC453B811A28ECE50C24E64165EF028211C9E5DF952A9914D4568DC0C0CE76E8709C8AC152BD122BEDD36889AA58873316BF1E8E4369356506FDC760E55CE1F8867541E0E64F5F43AF68EA262626CC6A34A11F40CE689A6794FB5DA018B645DB93A301AE6AE7284025
43,DE,272,0E80AE02D7110B5744D1A60BAE21A875B827508B42A6AB82788630FC573E230728ECE50C2BE42577EF028211C9E5399A2A9914D4568D66C0CE76E8708C87FF4CBD122BEDCD7339A458873316AF04365169356506FEA676F15CE1F8863617EEE84F5FBC50DA4588ADD93B95CB0EA2E244976D986B54F2C69249B2246C11AE00E118DF3EBF
44,DE,272,0F0051FD78BE2FDDBB2659F41C8E06FE47D0AF74ED097F0B8771CF03FB891580D71B1AF3994B8BFC10F57DEE755CF70DD56EEB2BEA3F48573181178F203019CA42E5D41265DE7B27A770CCE913A904C496C29AF9416A0873A3160779C9E80A77B0A8BC50DA4588ADD93B95CB0EA2E244976D986B54F2C69249B2246C11AE00E118DF40ED
45,EE,44,0103020C0014000800040000800B000001C0
46,DE,272,0B809EB71CF1C9D2B826A72BF981ECF9B80F4A7B040ECF00B89F7F084446F08F0B1CE42C7C445DFBEF2A98E1A05B08D230613B2C5A3437C8D48EDC88903BE675A7EA131598019E2865773336F6A6B9C3791D7FF6F76DF5AC4619A87E3736BA78CF07595F76426DA27B3C5278F07DBD396C3B47D2B1FDAE95B76CFBD5F4A14EE6E601423B
47,DE,272,0C008E449DB160DA45F8E9FF6311E3F10FD790AB0806400C79AE2A0CC18EEA5E6714E55C7C44B0FBEEA298E1435B20BA30611F2D5A345698C9EECE3DD866CE73A7EA2E149A012920508F31BFC410E1CB57C4642796D3ED7C1410F9A73E51EF781FAE408FA8427552266C70C4A7A41D1272DA7D64F1F47699367DC1634BA8FE3FEF6640B9
48,DE,272,0C80B4F23BB8D1035191BCFB2788FDA9A2DFBE7213D7A0B2627E5604153EFAEF384DF5447C4499FAEE2B8A5790530C082AB05B2015A0AD58C584A7805F8FFCC5AEE0204580D1F922433F03ABECE9FB17687D6517BE9DF7B45DA9F88A3757F58A7F57479724FA3352248495CB0EA2E244976D986B54F2C69249B2246C11AE00E118DF42DB
49,DE,272,0D0051FD78BE2FDDBB2659F41C8E06FE47D0AF74ED097F0B8771CF03FB891580D71B1AF3994B8BFC10F57DEE755CF70DD56EEB2BEA3F48573181178F203019CA42E5D41265DE7B27A770CCE913A904C496C29AF9416A0873A3160779C9E80A77B0A8BC50DA4588ADD93B95CB0EA2E244976D986B54F2C69249B2246C11AE00E118DF40EB
50,DE,272,0D800F018741D82244D9EE0BE351E900B82F048B12D6ACF4788E48FD0456EA6D28E4E50E66946003EF0A82118A830CF22A9100D415E0B3A8CE7EF070DFEFE235BD1A37ED9A0180D8588F1316EC76FF3B693D4106BEB5F38C5CE9D0863637F1884F576FAF259A735226C45A34F17D19BB68925394AB2D3D6DB64DE393EE71FB1EE7204039
51,DE,272,0E0092028761D42244D9E60BE351F911B82F509F12D680F0788E30D80456EA7E28E4E5246694D804EF0A82388A8308F22A91EB2BEA3F48573181178F203019CA42E5D41265DE7B27A770CCE913A904C496C29AF9416A0873A3160779C9E80A77B0A8BC50DA4588ADD93B95CB0EA2E244976D986B54F2C69249B2246C11AE00E118DF3F0D
52,DE,272,0E802A18F6AAD324400BC84BE36A4840AA3623CA5D0280E8646571F330C996946BE261EC6AB9D0E8FC5CB43FF77F09DC694D513ED6E3F4429C2DFACF0DCD7437E6120FE8DFCB45F9196563473EBD3B1BF07C40D2B9444776DC1FE87C30E691584F7763992D5AC6A8A732DB7437AC3DB948686566BA4E892DF9A72FE75ABAB94AD3D0431E
53,DE,272,0F00AF04C8ABA4264E0170FEE3678F0CBCDF50CFE2B6E10E7E7C60BCF536A23FE8EEA5E627E455F3EF4BAAAED54958F77A6014D4512B6689F99EAD9A1CEC3D3FF8F0EACC532B3229788A3DCBAEBCF9797B31A0F79E93F4765A1F13C674FDF38D2215DBEE444B77532B2408CEF7A8EFFB3DD2046EADF1BB87BA4F28D3B411925C776146AE
54,EE,44,0103020C0018000800040000800B000001C4
55,DE,272,0B80CFE98440C1D6C4C6A3DA876F9B04BAFF3D8B52B7C9B5597AB0ED477E9F8E28A7B5FD66B435E8EB5B72ADFAE414196B9E01063630B7EB9C94AB76D41FA9DFF1169706DB2E800054825508D8784CE682DAE51C27D4A7661DEFF0393636116F47E85F4466B55FED49346A352CBAED0F276267D13AE73A61F2F2B0D311A6BEA1E79F44C2
56,DE,272,0C002A18F6AAD324470BA6105230EB18CB6E1F7F12EA9C1F39810443789DA97B6B04E901C25F6755DA24D2CDCF49CBD1F19B513ED4E17EBA788FC875D21285CFB8ECC0AD1CCB87DD4ACD2BA9A9A6FA3EA92534F7BE94FB5E4F099A7C30E207C81A17B0EE7FFAC412D5843074714544FA6F412E9CF4E7096DE9A7EE96C6EEBAEEE625444E
57,DE,272,0C80AFF70750922A3128A649B380F901F9C454DAE24ACF0078922C174579D2C058A3E52C6FB97D069F4D9EFACBAC1820787B57D21E100B438F71EDA8D3C24D76DB041FC32FFC8638F3CCB30EB5170B87197A95BACED203CA1CE4B86CF737BC884985435F2B4277106E7B05C4F11D7DFC6862606CE4FD392C3E0F572CE617BF5C87673E5B
58,DE,272,0D00EEF28701992FE52C266AAA6DFCD569DE4F8A464948B4B89940BB4B86EA7F58A3FCEC364C7018240DC6AE235209F1738906CB15E3B3828F86EC4B261DB9DF3F6620AB9EF4CB28588392EEEC966027B83A21B9BEB4EEFC0C11FCAD363D14593F10531A22F30E163EF56C788D190B8F6C726DFCA31068753E0ADAD54F1307CFF79D3E19
59,DE,272,0D80AEFE78BE7CDEBB2627BBE351F991470F501B1016806C3890306C04EEEA57D135E4BC16F37503EFB58BC13A598803A2D1DDC8D43533C9C77BE99B0FEEA630CD5D2B1D97D984F0595FCCE126A9FB1BA97BA540406222705C19FB7E361785CF3F10435F250270141E826AC4F3A5E65C689247B5A20E1F5CAE6D702D17B63F5827663E0C
60,DE,272,0E006E4447072FD5982659F41C8E06FE47D0AF74ED097F0B8771CF03FB891580D71B1AF3994B8BFC10F57DEE755CF70DD56EEB2BEA3F48573181178F203019CA42E5D41265DE7B27A770CCE913A904C496C29AF9416A0873A3160779C9E80A77B0A8BC50DA4588ADD93B95CB0EA2E244976D986B54F2C69249B2246C11AE00E118DF3F3D
61,DE,272,0E8051FD78BE2FDDBB2659F41C8E06FE47D0AF74ED097F0B8771CF03FB891580D71B1AF3994B8BFC10F57DEE755CF70DD56EEB2BEA3F48573181178F203019CA42E5D41265DE7B27A770CCE913A904C496C29AF9416A0873A3160779C9E80A77B0A8BC50DA4588ADD93B95CB0EA2E244976D986B54F2C69249B2246C11AE00E118DF416C
62,DE,272,0F00AE028641D32243D9A90BFC71C601C72FAF8AEDF57FF38781CFE3FB491500D71BAC5F29944537DD39B23CBE8320B97DC134E15781E2ECE77EA12390EFD7018F291BC0AE01AC930FDF1350AD05AF12693D3048FFD7BBC97CBDB7A67558BBC60A1417AF25BA241768804A70B0095C9B27C46794AB0D6A28F71F98DBA71FB830C90E3F04
63,EE,44,0103020C001C000800040000800B000001C8
64,DE,272,0B80AE028741E01376EA923ED546C138F96D13CF57B0D3B53DAE7ACD3C43DA5F78B3A80C66B42742AA2AC820B29638D27CC143D415C0F6EB9A5EA93C9A9DB235BD1A69B8DC67C18A78C9665AA056B96E3A1D2753EDCCF78C5CE9BAD36537B0DA1D1811AF25BA350775E4237AB809279B689224D5E52D7C3FE4028993EE51C35AA67441CD
65,DE,272,0C00EF22C213826D16D9E049C334AB53F77D508B12F6BCA620AE75AE5639B87F28E4AC5F29944D32DB3BAF238AA341A165B125E122F68285FA7EBB319AEFAC04842912ED9A21CA9778CB7242AD56A86F266D3543FA95C9CD08C9B5C73617A0DB0A0572AF25BA220163965834F15D58E93AA55694AB0D1945F50C95B3EE51BE4BB36F3F69
66,DE,272,0C80AE0287418B631084A60BE371BF40FE6C508B12F6D0BF28CF62BD4976A63A6CAAE50C66B43B48EF0AC450DAA34EB36891579B51C0E7E5CE7EBF3DDFCFA27BBD1A6FA09A21D491168F6150BF56C43B573D2C06416A0873A3160779C9E80A77B0A8BC50DA4588ADD93B95CB0EA2E244976D986B54F2C69249B2246C11AE00E118DF40A8
67,DE,272,0D0051FD78BE2FDDBB2659F41C8E06FE47D0AF74ED097F0B8771CF03FB891580D71B1AF3994B8BFC10F57DEE755CF70DD56EEB2BEA3F48573181178F203019CA42E5D41265DE7B27A770CCE913A904C496C29AF9416A0873A3160779C9E80A77B0A8BC50DA4588ADD93B95CB0EA2E244976D986B54F2C69249B2246C11AE00E118DF40EB
68,DE,272,0D80DEB685CD9FD4BBBABC4BE1F5FD8D3AA7D3005D000C8153CE3D742F35A589D7B1C94C6B3D3A8BDA49C6FB8F870DB40CDFA196171092E67B3CFBA1903D1940915A6664DECB81FC1779CC23C01676B32DD76022FA6308F976A9750FF89EC0CB0DBD46BDA73AF4D1EF4CEBB3F5D96D0718D51720A981779B493EC1D3ECD5FB9265A8461B
69,DE,272,0E002D89CFB72F676F99AB83A09BFC22F5D9AFFE3EB68D7D360605BF409CEF4B2DA2EC42D3F676D3E64437538E729AF6B89D995D572A32BA4CFE6BF3164746CDFD0A2F69EA9DF49F588F333AED16FB0F687D9DB3BAD3FACA5CCFF9A15F9FF5A14F8641898F32767826156813DAD4353368BA47D2BBDC399DDBB5321BCE17FFEEB1D84607
70,DE,272,0E80858BBD07E164649FA6FB988910899869ED63E6B6D314787E4404EDFECA392814ABF44D3D4E45DE4CA2578A535A0AC3193492A82843E8F79E69F2AF88F7761DE263FDEA6686511779BC65F616EA7868BC1541BEBCF6045F39B976B616F4083F10035D5A88661227441A7373D6524D9FE17DD4BA4EB8EEC60A5918A1A3006DFD60405E
71,DE,272,0F00ECE8866051A1349EA482AC870172A26F520A107F91B7790F40BB06FFA5895797FF4C6435768AFE498390FAE40A796567E7A70F80B52BCCF5F933DE4C9672BF91641F65129E985A0C319DAEBCFA1A68BE1541CE21F300131F06F31A57F10C4BDC46236A4C7B2412844877B3B71EA96A112862567F132DA70E9A63EF50FE9A979C3C25
72,EE,44,0103020C0020000800040000800B000001CC
73,DE,272,0B80DE45F7F5D4AE0B2F497ECF31FD85BCA4550752007FB24CCE74160745A9952AC6E78F2942AB71C54AC0FB8BB249023A901550657CC7EFCE7E68C581866E77B6CB2ACCD5D584A8587FF5EEEC77B4CF694DD8EEBAD5F77CE351AFCFBE55FE594E760C5BA5DA77A2913C6A15BEA99DDBD57A63D4ABFD89D5E70453D1E580FE3FA8D44997
74,DE,272,0C00AE4287B178DA44F8E9FFE33144E9BC6F507BB34E81493AE679B71E36E11732A7EE75245E7721AD6A0079CCE812B2E1F90E979EA8ADEB8507AA9A9CCD64557F700919EA238DA41191FAA4AEBCFA6AA85F1541BEB4F6EC5D98B9F7B77734E84E7642DB55FD777BA7AC69E4B0AD1CBAE9F217D3E205706D372DABD46F39BEEEEF2146AD
75,DE,272,0C802F62F706504A84D1A6FBE27189463947117B16F7019408C9B094847EEA8F29E4954B669DF56BECDAC3E52AA289925AD63520B5C136C8BE3998C4D8EBEC1CB6C1EE853BD08EDE5E6475105816DED16D39D6469DD634EC5409FDEF37FCB48EFB17664521BEC41205876955E21B029F6FB96E4EE8666B73B4A659917A115C5D76604359
76,DE,272,0D00B741C622C4C249F2AFD1E01A2B1EBAC4D28986B623B7E9CE29BF0515E29FEB8EE836645FF6017B4A21521BE311B1EBF364686587B78CCF3EE858DE8FE609BC5AD4136ADE792FA9703B5FE63ED9CF297F7545B6F587CB5AA3F8AF277FF758471453CF55FD56B826C47A54811A19AB6AD26B84A94D49D8B20B9B651124D758E7D043CA
77,DE,272,0D80CDFA8369ECF368978F43D311D049884F50ABA39E09F17A5A70E0CC5E13A4988CA5FC46B4C4635F62C2E1CAA3B89202D714245F38B6EECA57F3A16FA7A7C3626B23AD2A4134B0187F23165C36E073691167D6BEB4F60C5D095DA73797DDCE4FA7705720927B8297AC2BC21E2F0CFBD9F21729AE243DBD07259A653123EE5E5640404B
78,DE,272,0E00DEBF8809D04A04D1A6FBE2718946BC0F5CC2189E52F3795B31DC7431E0177AE3E4D964940444E6624B178A760BD25AD637D572851C2121B3E050DD8FE6CD420537CD986188F85ACF23A3E81004CCB6C261E641626E77A31E22795209F4A04E864383D36B777E26156F14E1E02D0F69FAACD7B044BB14B667FD43E417EB76C46040D1
79,DE,272,0E80BD62D429D44AE79AF56BE00835199B4755E339B5A394EBE63494A735791FFB8CE164C5F7A763AC7387799A880F23BBF93D9784A066C0CE16E0330FAFEFD571020B85B262A4B85C6F336FE04EDB53717D45668E2987CB5FA0F0E64650F5884F5743AB24FA63562784637DF93D6DFC61DB6FF4DB4A3124BE2DABD4A4A7553EE3694476
80,DE,272,0F00A662F7069CD48899A742EB118946B82F50BB12B684C478CE38CC0436E2353B8C7E04365EF703FF6A845988CB4A022E9316B414E9B679FEC19837FF709672BD1A2B9D9A619435586F03A2EDA6F839FB3D44F6BD94F2C790B1F7A3A35759CB83078FF7B5FA5711EE945A88811A15BB69D2986B54F2C69249B2246C11AE00E118DF425D
81,EE,44,0103020C0024000800040000800B000001D0
82,DE,272,0B802EB787FE0FDAA4DCA62AE2011120F95F51AA938688D5B9FE31940E0EFA552035AF74D39E71D26572003B8872C18A9AB81D0445E1B6D8325FA900DEA7AF29BC7A2B851A668538437FE8E9FEA63FC2B6C5F903BEB4B6ECDD8939E63767E778BDAEFE4724FA5ABBD88BB5CC75F8C243ECD747EC6BFEB96DB665D243EE7135E6EF204805
83,DE,272,0C0064FA8B41D102CE21A10B6989F10167D7388ED39F5F0C1CDB350D7070358748C1B71674AC5431DD685DE9D28659E8DBF01CCC35F007C9DC8E898F0037AA20B57A2E1C2A2186485D7E9F16EDC6FECAC13D6596BB64538F8311CCA379E375D94AA6F7AF354A46AF57E6B5CCD54835FD78628B6BBAFD9A9069B5C7E6CE29F33FEF62434C
84,DE,272,0C809DD388B182DE9B21B60EE209F928BBFF70F35206A0F458FEAA040376EA8F2FE455786696B3FBCE2A82388873CF0A0B811B3434B8765B8E7CE85ADC1FE5147AE20AFD9CC1452B189E333FEE86FF1AAEC54416696DD69C5C02F2842765B5944FA744AF95CEFDAA21C46BD4FEAD304768B21FE4537C811C69B57F97EF29FEEE192142D2
85,DE,272,0D00AF72A661E85144F961F3FE713EF9992F20FA22865F0CF00AF80404761A1D2714C1F766940473D77282E171A3308266B017F41A301750BE0AD85120EFE9C526E29B996509870828F673E6EE568B4A2D1C9A26B1656774EC9DFBA787752A700BE34387316B18A666B4DA562AA51DBB486627E460F5396D0627946311607EF4E7603D13
86,DE,272,0D801E605CB9D0324C996DF3E371EFE1B907595A7D02C0C4C8ECEB040476CA8B68D42EF466B47EE3ED228AC0E55748829AF3CF2C15C0975C8E0E2388DFCFCE14473A241DC3D97CAD187F73161423FA1B66CD65FC0EECF77C43E9B876561745F94F77EB572DBADFAA2CC4B5CC4D4E15CB48EAA7672B0D3945B99DDBB331A9630DEF504285
87,DE,272,0E0024FA874120531BF92EF3FF715C2167D7CC985A869004C27130DCBC05C65E25C4EAFC4F4C847330F20A128BCB480065A385961612B5880586F870D92FE65D0DEF559298F286F8937727166C7630C37D3D2AF2BED520C5D489B772B6773E705F57538FADDA38A6A684A254BEADE2B2E26A7704A4FDE494DE3D0E6BD851BFEE677042AC
88,DE,272,0E806BFAB141F05A842AE61BE359D3D0F7DBD0CBDBBFC894777E24044B826A3FEEADED6C29407443A76A8DE1815B47062AD1D59D1DA0B6880586FC70D03FE4CDBC3AE0158A21CB2C58D4885E2CAEFF8B691DEFFEAE95F97CA9164FCEF6EFF538C5AF533F245A872A9EB7B5CC21FFA74368926792AAD9379D64B26BEAAE57F9CBC30147F4
89,DE,272,0F008D2289B168DDB4ABA623E1A02921085B556B11DE812E7AAEC08EF40C5A0B9898EBFCB34B8462FFFA36EB7A21608A2AB91705E4A9E7EEDE8E7B8DCD3FE4CED5622AC581F0A4A0987CB317EC7FFCEAF1C579164BBCE55DC9A0B1FE6C3EFB59D7AF5FBFD0937D83B78D234CAB741B6AA8612795AB243BBDB6BD2693CE21DF6627D346DE
90,EE,44,0103020C0028000800040000800B000001D4
91,DE,272,0B802E028769DDF29B219EA9B337F9F1FCD0A0EA52EA70957CAC350D9477BA392814E3F3EEF97423C77A9A307B830602496EA4A40BE1B788C08EB68FDFE7E5E495626B1DDA21ACA878AE3936E2A6AFC4594C4327B3B5F97C131600F40E36BDCE41A70950259270830EBC2AC4715D35CB276671C4DB6F3B8DF4BB7B939E33B13FAF66433E
92,DE,272,0C00A0F2BEBED00A47098E73A381D901905F32AA10D68E0457710088445EEBA468C4D5789F94C4718B2B623184532C0DDAE272F511E0B958D18158039FE7E7EEFD3A9B9EF20004F8567F25E99C25911A631D6BF6AF6AC7FF1CC1F95D7637C5FB151F438EA4CA762323E5AB44F17CB543648256156A78BE95B4DD22E3EF213E6D4FD841D4
93,DE,272,0C80BE128635C1D29826B6FB158FF921085B586B12DE812438908088B4FCD857273EA510D63677F3E9F3326DC8EA019A6396FB0115E1062ADA56EAAA9FD356414CFD2BCD2A55A4A0998632C67F774A4FA9CE2506BEBDF55C6CA1F8FE8663CDF00FA74BAF1DCAC7D83FEC6BEEE7ADB74537B2EF6CB70D9C4D9B0493E3EE714F9C575C4482
94,DE,272,0D00AE2A8091D3D2D821A4FB5C8E44E94F60407B7D488204C171320CB389CA07E8E3C5D896CD74F3500A7260868240B42461B62AA5B4B780CDAE55982880E2C5ADA309A598D132275A7F93E9EEA665C4497567F6116AF57CC516E97647EF4860B818475F3701CABAD14BF235F17D9D9468B2A794AB2D096DB66DDBB7EE71A732E70043F1
95,DE,272,0D80AED98649B0F945D1060AE351F915B80F70AD12D617F478AE40CC0456DE7F28C4A90C6694740BEE4AAE118A8360F22AB158F01480BFA4CF3EF860DE8FE60DBC5A73369B29ACD858AF4416EC769B1D691DB126BE9D0873A3160779C9E80A77B0A8BC50DA4588ADD93B95CB0EA2E244976D986B54F2C69249B2246C11AE00E118DF40DF
96,DE,272,0E0051FD78BE2FDDBB2659F41C8E06FE47D0AF74ED097F0B8771CF03FB891580D71B1AF3994B8BFC10F57DEE755CF70DD56EEB2BEA3F48573181178F203019CA42E5D41265DE7B27A770CCE913A904C496C29AF9416A0873A3160779C9E80A77B0A8BC50DA4588ADD93B95CB0EA2E244976D986B54F2C69249B2246C11AE00E118DF40EC
97,DE,272,0E8051FD78BE2FDDBB2659F41C8E06FE47D0AF74ED097F0B8771CF03FB891580D71B1AF3994B8BFC10F57DEE755CF70DD56EEB2BEA3F48573181178F203019CA42E5D41265DE7B27A770CCE913A904C496C29AF9416A0873A3160779C9E80A77B0A8BC50DA4588ADD93B95CB0EA2E244976D986B54F2C69249B2246C11AE00E118DF416C
98,DE,272,0F0051FD78BE2FDDBB2659F41C8E06FE47D0AF74ED097F0B8771CF03FB891580D71B1AF3994B8BFC10F57DEE755CF70DD56EEB2BEA3F48573181178F203019CA42E5D41265DE7B27A770CCE913A904C496C29AF9416A0873A3160779C9E80A77B0A8BC50DA4588ADD93B95CB0EA2E244976D986B54F2C69249B2246C11AE00E118DF40ED
99,EE,44,0103020C002C000800040000800B000001D8
100,EE,44,0104020C001000080020000034FE00000280
101,EE,44,0102020C0038000800280100000400000181
102,DE,272,0B80AE2358B9B00755B979F3BF64B91928D7708B62B17841A77664B90456CA0FF71CB5594EC47FE3A902A461B2E5F705C26E14FC1710F1584E7EC800A7D3CE459D620495920E6B0387771F03E62EF9CB163F6F76BD93F5591E1978843C67F578305763DF3592728926E44A44F9255D4BE8926FE45AB029D969B52387E42920E60F143DDB
103,DE,272,0C0071FA6705F44A50C042136789D901A057107B13F698842892388CFB56FAC358A3C8E596F5ABFB2B4EA269555BC4A602E1CB2CD5B48ED0C778EAA59F3F6635956AD41A32DEBCA0598930C3CD2EBACBE93C447690EDD6F4D2ABD45636E78A88772772A9276F37A2A6C45244D72D1D9BB76AE780A37DE6953239D3B3D6216AE6E7A04665
104,DE,272,0C80F1E84F31D3F644F959FC578EFBE1470FAF7CA209CF1E208E188C3C0EAA61109425BE669C9ED2C17A8A338A82D70A12951424093897D0CE8E9770FFBF5BDD4D9B5B589A035B2070BB296633AEE77F8B54E01C616DE7E86989F0C0C9E07E774F7773CF24985E140682D7DC811DE50E6CD469D2BC4B3B9DA3B7E2D5CE17E6EEEBDA43C9
105,DE,272,0D00AEF27EB9304B442C266E1E86C0F9C0331F7DEC8788B4980E567DA5FECAF668FD18FB0F4C548A6F16A2906B2B88406A88E923743897214E62C8F1BE466687FD03D61AC3D9A451D8931397EC70F5DB09B4551E3E27F7957CD9B9FE366FF5634E76CA1D95A28AA5613CDC2847EF3D322A8B871C2D4FD2B6F3BF8EC26E4902E9DCD84246
106,DE,272,0D804E8A075D30A26550E613C3F0D979F8DF518B3286A17D797B308DB583AA102A3FA5FC64B4547352E273517654FA4D52251792D88873C1D565E854D92F83695B021DF51CD9A4883C93D7A478140DE0707B1DBA35720F3998A224EF320CD5CEFFA2C3C024637772D479D479D93D1D9DA8DD59E4ACED4E31B0A6DF9F721573E6C7504252
107,DE,272,0E00D81E71F34660B102A62ACA11F847A069AF7C7E0981D48A3383B5CE1F6A6568FCE56616F3C44A2563020BCABB980A0A916493657476C1CCF7B968DE3A6654B76281C786F0CEA0F2A52AC7654AEAC36816A786AF6DF6B75E02FBA4F497E4704E7C012E34427669242F6916B3DCDF332B1B33C8FE213ABCE255BFEBBB7DFECE180041C8
108,DE,272,0E80BFE28765D6C229853DB9FD697FF9987F0B9776EA24465DC8A5BEF0ADEBF620D6B414673574239FB6F2569A160CB42AB13455F4A995219F66E9855FAEECBD1E92B1AF9CF1959E1779CC647D14FDEB961D61E69ED3087BF116F8AEDCC7F5A04A86438E05FCCABA368473C4E7E43DC3286265948B7D29D0C6F8A0DFCE293FEDA72048F8
109,DE,272,0F00AE2AD6912CD57826DB46CB3705F6E0D050AD1316F6E8CE3C8609FC09E2AD2C0FA30C673871E8A90A7EE6EF5C08DADB40A221EDBFB279848CB221DA3D180541ED71127A48782F64703333FCB6FFD02C3C6B8A8FD3E76719E904717BE8F5A04A8672E9C5D367B963C496C3B4A270A788FBD2615372D3BEB6B85BF312A6DEE107494481
110,EE,44,0103020C0038000800040000800B000001E4
111,DE,272,0B80AEF787212CD558264662E384B96144D84774328E8004848E108C0456CAFE489458E416F488F41AB4F2AC9A168A4264DD5E22BFE017289D360811DFEFC6B4DD6A0B959AD178D8187F3716CC26B4CF317DC8FEBE95B77A5DE9557E3417F5A849B7433674425742222FEA36E03F5DA790BA91478B4BC69AEFB2246493AEDF66E7D041C5
112,DE,272,0C005502A731C39F546DE9FB1C43F922BBCF007331B6A2B423928317957912AC78F8A512E6F5B4402F0592ADFAE418471CDD34921448F85E310C7932C51EA9C1FD7BD41A7BDE84F04C5FCFE176A8DB7D95CAD2F890DD0B7BE817D5CECAE04476B3A0DB5104F2762A27349635F02D1D9A691326E4BBB009D835FDFADBEF1752E6E73043B3
113,DE,272,0C80AE0E2AB9D2226791A74D4E89FD11B823FD7314F6806CC876CEFF05EFE3F721FC6CBE29428B717E4898C1C05152A3A2D30205E937D256DD32C836233867CBBD3F2C0D9AB9B4204D9F37FDA95607CCFAC3081A0B600FF3A83A456E0157097F16E97D1225BA937D26E46A10F17DB9BB68B2F4A4AB2DBF6DB66D5F93EE717E1EE7003FCD
114,DE,272,0D00AE8E8649D0FA45D1A6D7E279F9E1B927506F13FEDC2F7986204982C6A58B28A4F2FCE1497522A0FE82619D53E10C9DDD3492EB37F653CED616875434E615BD8AA6159E2185F8D5773616A3A29B1B6BAD6526BD05F6ACD111E88636BED5CEB1A01954249B5714D83317CFD11BE34CED6947D255FABE96B6652142CE1701E960DB44CD
115,DE,272,0D808E4479B659D944F15CDAE552F823BD0E70CDEC01110F79AF10BAFA8168842E54F5B17601F0B3EE2B86319D53A10CB2DD349202302F57CED6FF808630E615BD8A641B655129205C8F333641AEFD3BE4C56D06BE3CD7CA4B195D7B3736D5CE58A78152059B5714D8330DCEF07C3DFD7F62D069B4B0D9D8B76CD3D5F9A1B9E3A8D042C2
116,DE,272,0E002E4290B1A0DD4471B1FBD28EB9F3471FFD7312F680D4D57632FCFB5647872CE4E52CCB4C720362F28A118A0A4702AAD103246D3DB689818E6830C83F72C89D3B641D1A617A2F60753237A3A67B7B7ECDE2FBB928E739D859F9A71637E2785AAA2FE305FC60A2193B6A9CE6AD1D4467B2CA6CAB0D394D1BB5D993A1A7006E4AD83FF5
117,DE,272,0E80AA0287617DDA42D92BF3EB71F9A89869477B5A0B81D558C8270C618BCA5E08A21BFB6C4E7522CF4C95E1D05E174F3A24926414E1F85CCE4EFF803833E714B55C3C1D84DFC62EF88F3186EC76F8ABC4C57506136DE38C50C9557E2417F5A84FC70C5B25CADAAA22C46A145CA51BBB22DE653D8B4B2E9D1CB0DB3ACE17E8EE01DD3FFE
118,DE,272,0F00AE23A707C7D2B424A0BBF3CC01B4BC695DCD04B09FB27826270CFA8BEB5E18A2F2FC8849D9FBEF5A8131075B0AF2A76917A41358B680CFAFCD11DD2FE61DBDCB4E8C9A88A49E4F7FDCEB1DEBEB8EEB8D6427F165F7FC4B19607A3736FDCE58A78C520BF6777226547E17F97F524F68D347D254FAF292B66DDB03FA72F73CF701457C
119,EE,44,0103020C003C000800040000800B000001E8
120,DE,272,0B808E4478B613DD5764D64C933679B446D8687012DE86258479C30005561488C21E19FB91486A4BF8FACDEC7554E60D2A610C2CEA377C57D68E8588C73F18CD42ED5D1265D66A26A77826E913A1B8C471CD5FFE41625672A31E2F798BFFF4C85FA7621055FDF7E72934B9C8FF1415CBA8612796AB2731BDBA07C9EBE21AE56EE70A40B5
121,DE,272,0C00ACD2C7B1F0224CA9A7B6E371F925B96F508312B680E078CE30B80436EA7329A4E51D66BC4403EF2A42118A8378C22AB1649394E0A7E1C60EE78016736415B353239D95D14064DBAF385FE426F4CBD681E126B7DCFFFC5319423AB337F3C147274C5F9006071556831A73F5151CD32966E7A5AA6D492AB64DABA3EE71EFFEE7C042E8
122,DE,272,0C80DE45F706A065349ED64C93368946C86820CC62B1F0B308C940BB74319A3858A3954B16F304449F4DF256FAE478B52161F16B6587C7EFBE399837AF889672CD5D5BAAEA66F49F28C843519C118B7C197A1541CED287CB2CAE88C1465085CF3F1033E855FD071556831A73811A6DFC18D517D3DB4A492AC60AABD4EE51D2F71F6F40FD
123,DE,272,0D00BEF201B80FDA00D4A663A385F97167D76C961A965F0CCCC4EF04B01C35879C9E3AF4D23EABFB5B905DE93E09D70A9E2B0B3404303350A362378873C5E6BD10A8AEAF6CF25B20FC8532E652ABDB4369CD1A069EE52874C4E3277EAE0DFCE04ED74327E54FF722F93CFA2EF9DDC243E4886F148B75F86BB098DB630151DF6EE726428E
124,DE,272,0D80AFD7876408C5452926F6F281A1F967D720D13A8EC0F3795BCF0B468DC20728141E0C4EC4547BEFFA3D11AAD3D70A7E9B15AC1430C8A9CF0E378893C5E74DBCEADCEC9B515B201C85326EEDA60C3A684D75F6D26CF87C6F17277E024DDDF04F51437B2505A8AA0ACE6BC492A02DC3686217949B7DE6954E44DB1B2EA47F6E38D83F46
125,DE,272,0E00561B8FC10FDAB0C0AE8BE35126F9B035580BCD0E88FE79F6310CBB77EB0F009CE5FC98B45C73EF2ABA61025B08F2F569E4CD1DB097D0CE8E3F70FFBF39CD59132A959BD17FD959FF123633AE2722614D9A26616D2F955499E87678EEE5A843A7EF53FA42BB5B27AC2AC6BE6F8CF96C4065B474F5F974BE2DDC73EE394FEB995F4475
126,DE,272,0E80ADD185610FDAE8C0EE6B3C895508B957199713865F0CDC873184DB8E4E563A6CF70A49617E05DFDEC3E10AA20982F56980DD14A8FEB4CF1E378853D637CDD81A6BF15BD9E1D889775A16AC4A3AC3003DB4FED395B7909D119586E9EF85817E2F4AA9296F76DAF93C021DE3D58CF96A402E88AA8D308D0BA52ADCEFA1B1A0E7014317
127,DE,272,0F00AF8285A1D1D23BD8A77BE35126F9643458FB02068D0EE17630FC04862A7FE8CCE4DD6744DBFB75F292118A8B03231AE91424EEC087D8E606E88021CFCE45BD3A139D12D984D8C3773316EC50F8EE594525F6BA95C7FC5319737B27E7A470D4AF43AF25BC188616BC2B339D881D4B939257E474F5D965B735DBBAEF81B600E6504411
128,EE,44,0103020C0040000800040000800B000001EC
129,DE,272,0B80967AC75DE852DD21A61BEA77E2D567D790911B8EC9F26E5BEF04BC6CE30750CDF4D6FE4C7413EC2380CA8A82800A2A81CB2C81D86650A35EA28676FC7C77BFC92BCF5BD9E9F8983D0A3ED08DD343A93A6CD3616D73865D91F976C616B4784E5642DF2E4A0DACBE3C6A34B1419543689267B5927D1015B7BD7B914E7BDCCF2D264398
130,DE,272,0C00AFD79463D0C240FB3CF3F341F92AA2FF903982B49725397E31FC2C06EA783A31E4FC5548ABFBC70082690AA40A270BB11524C03A6850EA74E9809933E7C598E615CD9BD1482268F7F31193A3F19465CD56F88EEDB77C5EE9C8F626E784705FA7865705C277A259C44A44FEADF547B76ACF93AB85C645B595DBB231A98B346674468D
131,DE,272,0C80AE2A8591E05A04DFA7DEE2817FFC8857D08D16235F0CF8893074055EE9AEF71CB10666DCF444EF2A5DE916B4C90A4791CB2C71C7B7204C56EBAB6227177ABCEA475045D90CD158E713E2EC2624C315246D66BE65F674100F277E0E1B0AA94E279C5711AD7EDA6CCCB5CCFD67073BA195634174F53177E711D29AEF2120E6B7293F1C
132,DE,272,0D00AE7A8747DBF79B215E02E209F307BEFB50A9CD0EC0CD62FE710C8477EB0F050D154DB94CA84530F2FE4A555BA894F569B05E35B8B758217EC800EFB7A6C5AD1A1B9D45D910A28777831FECDEC3BB79CDB6FA96EDF77C83E9D0F60F9FF7A15F869C573DA13D2B26EE61E5F8241C926A4327648B0D111D9E351A95EC84FFEE38204263
133,DE,272,0D80867258B950547CA1A60DCAA5D979F829765E1206320E777E960004862E85271447F0B94CDC0BEF6242E2CA9308DA294054F4CA38D3B3C60EF8809E3139CDE9112B959A09D3088777671DEC2EFB3C3BE869F6CF6BF77C5814F776B3EBF578DDABDB5725BAA8AAD2DD6244C8251C4BB7935EE4542CE6953E67CAE3EE79FCCFE7D043B3
134,DE,272,0E0039FF796945F2DC21A60B236FFA29BBFD5F7BD70B7EDCF45E00844486AA7F1894E5FC254E457BEEFA3D10BBD3298A2B61ABD534B0B85845821658E03B9C9ABDEA771795D10024A6A70CE29FF9FBCB02C76AF6C36909A4631D9429E9EF4D824F2F4387216AA8AA92CE6A4CF15A1A6FD57A97D5A4FD87D40BA52BD2E1A145A7E700430E
135,DE,272,0E8071FAA35BD8525DF93EF3E361701F67D74CA10386A98C31883529DB8E6E65219C644E66677C45EFFA55EB8553580ED4B92B202A6F97D08E8EA870FFBFE6C59FE696056A608B28CD36B3A333AEF33269452518B445B7925239B89824C7B5964E7F5676A5A4717A3E1D77D4F7AD2F42B76A538EA37D228DB1BD3F6A31A9D704EF504121
136,DE,272,0F00BBE280B161DE9B21BA11EB01F6E1BFDF8D77CD0E90EE70FE391C0E867E83F71CE1166EC477E39B2A5DE972BA008222D714AC177D371D11867478DFB7A62BB632643545C984285E83210EF272D10B5F01274EB8659A758311349F3E67B06848A7B456FA42B74B2EB455D4F9AD1245B76AD38DA37D008DBEBDCB6D31A95707EF503ECD
137,EE,44,0103020C0044000800040000800B000001F0
138,DE,272,0B809DE28FB1DBDE9B213A12EB01D4E1B3DF6A77CD0E10ED70FE171C0F86D183F71C61156EC455E3E4FABEED555B70EB22E10F341E308A5411868469D7BFF3D5B6EA151145D9E4C150FF3CF6E7A6C4C7B6C5311FB6E5FE6C5719B87AE9EFBD914727404F519AA8AA1ADD6244F91B1DC36A2FE72174F52969B735DA630150FE6E38D84566
139,DE,272,0C007A058739903C4FF1E5D33C99F9F1BE23429900EE9ED052BE06C002864C87F71CE1156EC44DE3E8FAD4E8555BF0EA22E127341230A75411860468D7BFCBD5B6EA9A1645D964C050FF14F6E7A649C0B6C5B11EB6E5D66C57194B7DE9EF3D904727584F2E4AC3A9F93CD62CF92D085B6362D26F74F58975BE3DD473E5A149E538D84522
140,DE,272,0C800A1A8F31D9C24F2911F03C896119B05F536B66D65F0CF496388C0C30EA072A5965B9B94C4404EF72C20F807348EC244154CA0710F7B6CF56FDA95FD1E01DA5C3360D9CD1C12187776F0EE426E0DB6ECD6EFF616DA7945499ED6631E7017290AF07B72DCA78B2213478CF2EA525A360E26E74A1FDE29669B5F78BE621FCFE930040A4
141,DE,272,0D0071FAA759D8524C9FA673E1CC79B467D7948D128EC0EA705E70E208A6AA612ACCEAD5A6AA722BFDD395F18F53F809F569E0C31DB0A248C88EFE8C00370E22B56A240D9DD15D258777EF01E426F2DB63CDAEFA616D279B5499FB6642372A708B404BDF2DFC772A2479EA812EA575BD68EA278AA3DD7973BA9D9B8DEC79F0C7273E45D8
142,DE,272,0D80A82A9398C9C241290FF53C896116B05F476B1406BF0BA776BCEB0C06FB9F2F1434F1B94CF414E77A8DE1C159011220611729CA38C7BFC60EEB90ABEF39CDD90D239D45D9E4DF58F731AB6CE324C36D3B657EFE8BFF5C1CF7F4567609F7A0408E83B12392658B31246CC4FCA5C2435C856FE4BEED3F9DB1B5046BC646F76EE8C042B5
143,DE,272,0E00A9F2AEBA0FDA58CEAE7BEA91F2F176D68F7302E188847B6E44DCDB8EE2682094ED4A66CC76BEEF0A02A4555BF4F42AE954CA1EE886701196E880EBFBD201891C27FF823FA0F2537FDCEF33AE232D614D42E6B5650675831134903E67D46844A7B056FA42B7442EB471D4FAADE442B76AD382A37D2C8DBDBD206A31A95708EF504587
144,DE,272,0E80A1E28CB1D1D89B213A1DEB01F0E1B3DF5471CD0E10E270FE331C70563587ACF2ED7CB94CF405EF7280AC9A165CBE0AE91424E2C097D88736E908DE3F9934BC6AF415CE2785A0597F4917ED26FB1BB6C54D1CB6E5087B7217277E160DFDF84F7F497E04C23D542111B5CCC17B0FC3FA946541EAFD3D6C973DCB2EEF7120E6E73A4204
145,DE,272,0F00A68258B904264451AF23E2AA8C21C86850ABCD0E70ED70FEEF04107BEB0729140A0D67C4C8E5FFBF8331555BDCEB2211CB2CC1C968502E6B2C3ACDA724C6FD282BC79CF1A4FA52FFECEE2C4FF243684D72E6FEB7FDFC8311409F3F6FF4F8651E4AD7ECBC7A86F93C7E213B251FCB4CD875EC390A3CB9FC358994EC857666AE3C42B5
146,EE,44,0103020C0048000800040000800B000001F4
147,DE,272,0B80AF7287390FDAC8C0AE7B1C8646FF67D7D8C232868C04A9751084045EFEAE3814CAF068FC757BEEFA3D108BD3D70A529414AC13E8B072CE5E3788BFD6EE45B83AF415263D8CA858AF23ABEC568D3B691DE206BEB5AFBC5CC9A1B636378E884F7783AF259AE55226E48818F17DD19B689A0194AB2D656DB40D8593EE71D32EE7004293
148,DE,272,0C0028028761C42244F9D40BE351E101B80FFE8B12D6CED578866CFC0456CE7F28C46B0C6694E303EF2A21118A839DC22AB158F01480A7A0CF3E4F40DFEF7835BD3A0FED9A61C8D858AF6B3AEC76B30B691D2336BEB5B8BC5CC90033E9EF31C06F279C57E5B2772AE637EA34F1753D6BB76ADF9C542C381D69B56F8BE729FEEEED2240FF
149,DE,272,0C80A6288D9011D144C8A622E7A026F9183759F312DF812478AF318C040EE38F471DC57CB94CE40BEE7283E135A209820F71CB2C61A487D0C856F0AB00379A3D62E257F59359CDDF505AECEEB842F243484D647EFF65F38D5D99F9663636F4F890AF17A724C276A299C56B44F6BD1E936D48B86CEB053815B7BD6492EF21DF6638D842EC
150,DE,272,0D00EE1A8F31C0D2DF23A62B9B38F17167D7C4C8328E8004858E108CDB8EC227009CE5FC19B45C7310FD9DEF555BE4951AE11824163B87D0CE56A880594FF6C5C2E0F4154E52BCA0187FB316D42624C3913A657E7E93F15983113C85366F758F4E82435F0C45A8AAE6A75A4C31431E936F41FEDCAB853D45B597FBEBAEA1FE1EC7504126
151,DE,272,0D8071FA374BD05A44DE91DFC3093906ACFA407B470C5F0CD884EF04A46CEB1FF71C45166FCCBD04EDDFBB6903A40A26F56980CE14A0B7C0CE8E948FCF3FA6CF9E551385BAD18CD961EFECEE8451F943ABCEE515BEBEFC5D5C19A079E9EFA1824F2F83A92F6F4F3A66346234C93D185B6A62D896A97D789DBE4DE3F3CE293F19F7F44457
152,DE,272,0E0071FA074BD15A4529190AE201C979BE07575112D65F0C7C99388C0156358748FEED7C4ECC7405E9DF8AE1775FD70A728B1CA415E8BF791186BC7ADFB7E6C53D1B63F31A60449B9880C1ABEC567714691D3F36BEB56D8C5CC96AB63637C1A84F5F7B1A8AF37E2AF93C427E701F1C6948E267748A7DE695621BF3EB2F56F3CA6E693DBD
153,DE,272,0E80A77A4E46F5F60429A70BCB0126F9082651F35306C0F579FE108404861987F71CB91A6EC4ABFB631388698853FFF020E114FCCA1068504667E10896C9F3E0C4522B951A27870C70F773E6E456D34B691D57BB2BDDF7F436A0F0F6E9EFE98E4E2F0AB324CA7F55F1116D14C3E08BBB68B23FBFAB2DA56CB66DF1A3EE71FF0DE70043C4
154,DE,272,0F00F5328761E897C795A5EBE38190F9B6DFBA74328E81F2615AB4B50E1E288CE8E7E52776655F4AE67288388372D70AD6841DACD433F7A9CE57E0A09FD1C645B8FA6BF3BA5186387A7F3B16E436EBCB1EC4BAFEFE8C28741CC0277E761EF6F04F7C477E2099742226E77944FA2D0EC3F5946640F0112A1DBC35898FE421003FEC6644FF
155,EE,44,0103020C004C000800040000800B000001F8
156,DE,272,0B8071FA3F14FD5A69DEA6DEDC52EA43BFFE52F340E88284AA3C36D605ACEF5D2A943AF49A9C667BEF2082C080E5098AA0D314061F86B5D8DE8EAA89FFB7E61DB9CAF4157A2984A05888ACC251BECA7B67CD75BBBE95538C5CC9A08636377CB84F77531AFA421F5726BC6A32ED88C243389A66ECA30A2EB969B59F96EE293D18F5F545F0
157,DE,272,0C00E70497940FDAD0C1AF73E358F2D1FE6542F314DC812F3A893528DB8E96573A9CF64A639F76D9D1428269AE43D70A3AD435A487C6BF7D8776C900DFC8E7E0F5120B9D91D16A254E6F233DEA8DFB3C68E82D0E9EE5FC7CB914F5663C51F68F4E830AAF04CA665422106A33F389164BB16F6674804539150BA5CBD303B47F0DE70040A6
158,DE,272,0C8025328761F56B4DA1AF0CE0A4FC48B157D98D17225F0CE4993A844686E27D22943FE966B40503EF2A01218A8389F22AB194610FE1BE88C28E368CDFE7E6E4BC3AF4157E368CA850F73C3EED8DF41B614DBAFE6692F7F45EEFF453E9EF21AF5D2F815C65A877782314624CF4750D606DB26FE4AAB0796BBD98046B5A56FF6627D342CB
159,DE,272,0D00AE128769D4F24CA1A323E2AAFC21B05F513612F6E9C478AE43FC04569E7F28C4710C6694DC33EF2A26118A8384DD2AB1393DED836850C639C8089F3FF6359D6A2B1D41DC8A28B570CCE15EA9FA1BB6C50151616D079F5591718064C3FA7895AC4387276B78A2AA3F6AD40E7D1FFDB76A2F83992732BCB06D046BAE76ED66B5263F1B
160,DE,272,0D80ACD78463DA527839A929E901C0E1A1055B5A1AD65F0C5CA922841670E8AA24C6EF7C48547B21E57AA9F18A8B0223F56918D315B877AFCCABE750D7BFF0D5BD3A239D89C17BF25A5E3336E426F5DB661D6D76616D1F8A5C91FA8037C2F9AA452703A9266F7F2A26349934F92D124BCC6E62BCA8DC1015370FDB43E617FF36E7F1405A
161,DE,272,0E00AF22AF310FDAE4BF97733C894D77396D535913D6A88441FE361C2C0EAA61109425BE669C74D2D67AAA69888B1823F56980D215B8B680E8AFDA518AEFEAC5A6E6D4DD1A937BF04652F3A4E0A6B6C673DDBAFECA83FEF49D1AB897363EE6584A7F527E199B46722A346CC8F1751D6A69B26B64E7F03E8D846C8EB3E2A103E5E708454B
162,DE,272,0E80AFD28BB1E1DF44F979F3A367F171B6DFF17512DEA7247D7E9707DB8E8AFDD713E1F0EE4C7403EA2A8EE1945E900A2A9114FC0D1197D0CE8E0770FFBF457DBD622BEA99F53930A9CC3DE67FED24C3D538657EBE93F459E10109C536E7833640A7A252DB9AFAB22634C5CE2EA5BD3EF06A6794AB0B3EB869B51796EE29D76E5AC8479B
163,DE,272,0F005F4187B1B29C0B29A602CB09C079306D525A5D0681FD6E6E3E0C0789C20768F8CD7C57CCB4B16E4883C38B832082F5698CD115B8775B8E6EE858DB1FCE4DBE32C83D9E096508E17E3319F986DB4369CD8A069EE5287424ECF8FEC93FE85990AF27AA25C25F22233455CFF37D7EF260E2DA7C5A4E399D4EF1F3EBEC79C0EA9C8F4207
164,EE,44,0103020C0050000800040000800B000001FC
165,DE,272,0B80AB2AF8B5508D78F8972BEF818DFAB8076F7F6B598C04C272451B2C06728728E4A5FC26B4FCFBEF0A7DE6F558900A2A911424AAC03F50CE7EC8089FC9EAE162E22FE89A59ACA85D7F3CEDEE76B072614DD8EE4FD6F77C9455277ECE13F5F0CF51427BDB9A7AB2698C6A4C715A196EB76AD390AB75F96AB599667B1F12F1EE1E9A45C8
166,DE,272,0C0050223AA922A19B21760F1C50F87167D79C9F189E92F17A5B3A949673EBAB28C6E77C6CDCA606EDDE887998A409262AB316A401E23DC8C416FA75DD1AEF5D341F2A399A0085A858F7333EE98624C355296F7EFC65F58E5699277EB203FCF00651467BFA425F462CBC68C40C5F17CB6894614074F52169B6355B94EF84003E97673D32
167,DE,272,0C80AE22F706E8979B215A08E2093307BCFA517B7DF7818478AE0241DB8EA27B289C3AF422A07C8330F2C655555B4CA602E974A47DB817D86606080037B7C64495634B9C95D1192730F69367442F1B4A8144457496EF97FE8311E4C2166FB5780F5763DFDA4D57A906BC6AC44E5D3DCB6762E06BAB2D0BD0B64DA5A3EE71561EE7003D5C
168,DE,272,0D00CE0287611C0E44F9023BE3517D31B80FD0BB12D627F478AE93CC0456937F28C4570C66945803EF2A31118A8334F22AB168E415E083A8CE5E255CDFEF9335BD3AB8ED9A01F6D858AF4B16EC76883B691D48EF46DA2874FCAAD8FE76E7F1886F27F4E20DC277A2C9C442442EA58DB869EA2664A30C381D6303DBB3DE2120E667233F80
169,DE,272,0D80AF7A86B12E2345A96943E209F8F1572E51FBACB9B88C387E20FC3C063337299CA4FC26B5757310FD01EC555B8C70B26914D4153040A84686E87000371EA724E22BEDB3598EDF1D5BECEE14E470C3693D652EBC44F6ACD511F886E9EFD92B07514E7A254A46ABD93369CDFFAD614740EA2764A30D111DB66D516BEE51D1FEEF263F8F
170,DE,272,0E00B2D7C6B1C0226CA9A6FB948A62F9B82F50A311278F04E874B90404764837289C7CF466A4FC41EDD88331035B08F2B26914D45530BFA84686E870D02F19C265E2251DCBDDACA0187F3B16C426FB1BE3C56506BD75F1A45D32F07608EE6D704F57435FCABAFFAA26C4B5CC6DFF854368926793CCD83C9D0EB4246454A97C585CD141D6
171,DE,272,0E80AE0D8290D00274A9942B1C861CFB3B69DA731246E7BC79F6310CF377EB0FB21CE50C669C71D2C7724316AB76298AA3960A0115307E505786E870DCE7E4E4FD06A2159A211D20588F373EEE87BB27E0C56506276DF78C28A0F1FEBE55F75B4F77CA5725BAEEAA26C42A2878A51DBB7B726764440D111DDD04D2EB6757FDCBA7D03F3B
172,DE,272,0F00AA02AF31F85A0429AE0BCB0161F9B82F507BE5F6080C788E088404704CAA53ACE574A6957C41EADA8FE11E5EB51ADBDE1A244A79D4E0CE066188DFCF5BDD4C552B1DD99DF6942BC21B9ECCD6F9DB6B1D144FB6E5F7AC2DA0F0F6475FF5F04F50537A48F2772AE6372A34F175176B05DA66ECE213381D7FFFDBBAED8042F6166F4237
173,EE,44,0103020C0054000800040000800B00000200
174,DE,272,0B80A0F2B0F82FD568252CF3E371F6F1EFD268F312F0C021377E30F70796E68FF41EEEFD67BFCFF2DD057ACAD5ED4706AAE1144425A8775D4E0D73C2FD475314E652251D4BD984F0485F33E6B3ACA37369CDD5FD86EDF77C23E9C0F6605FC4E04ED74327E54FF7220E444AB4A2151DC3A861E794AB253CBDFE05DBEB2E56FECBEED049A6
175,DE,272,0C000FFBC509D05A84F8AE49E2A1F4F19AD2ED63E3B98E0495363F0C158B708728E4E524F164732B7DDA3FF97BEC0802B62B8CD415E030A8CE5E085FDFEF7215BD12ADED9A01F8F85887295EEC2EFB1368EC65F6BB2D7739A31E407E8BFFF4C8781F42D7244AC25327B46C7CF0251C4B079366E4AB2D0924BE3DD3DAE6218F59E72041F8
176,DE,272,0C80D4028761AB2244F9373BE3518F01B80FD88B12D6ECC478AE5BCC0456804F28C4700C66940003EF2AFF218A83DBDE2AB12CD415E013A8CE5EBF40DFEF8505BD3AA1DD9A010DE858AF2716EC76780B691DEE36BEB5868C5CC961863637FD804E17199F259A186226E43234F17D9DA868B2C7BBAB2DA76DB66DA893EE71E71EE7003F24
177,DE,272,0D00B20287618B1244F90F0BE3516E01B80F7CBB12D6DEF478AE0CFC0456265328C4970C66941D33EF2ADE1188E308E02AB154F415C8D1A8CE5EC470DFEF6035BD3A3B5845D9F0D15CAE3276FC77FA5BB6C5094F9E1DB7925CECF88B16972A702F5E43D7E5BD7C87F93C363DF0350C4B6B9D62452B64B962B465DA42E9A16BE0E7D040B2
178,DE,272,0D806AFBA7C90FDA04C0E7573C89B928AA57C1C91126C0E8788B30F124F6EA8F5D1D3AF44ABD74F36AF382E1E55AB51A3AD11A240A786850CA77E8F80037FE2CB47223F545D990C1500F3313EC5BF3BBB6C5691FB71D76CE5C384A61363785CF90AF9FB72F32A8AAC6FCBA60A1411DBE689F6F1474F5D975BF25D38B31A92306EFA04348
179,DE,272,0E00AE07874CD8A29B217213EAF97143B9FF50AB62B1141358AED11B0486E57FF71C25146EC4ABFB7B128899555BB0CAEACDCB2C81F867FC9E62E875DFC2EEB562E2BFF593498CC08777A30EE4D6FB3E69306D86616D7F94556170C432C72A70C75F43D7E5BD77878323BFD327BA050FB76A1B9CAA75389D094CDAE331A98B16A75843E0
180,DE,272,0E8071FAF759D8529B21D613EA09F006B9FA50AB32165F0C5C963A74DB8EA2472CF50650B94C504BFC5FD00D98A61AFF2011CB2C35D8BEC047663788C3E7F7B5B41F22E08BA15B204CA7219E7D14FAEB7B81AEE1AF29C36B4E5588C12EA32A70435F42D7244AA85327B4B5CCF5559DC3B76A638CA37DE695B655D2EBE756FECBE7004378
181,DE,272,0F008EE258B968354E5179F33B46FD105B738F73A6B193A12A9222F9167BE0FFF71C511B6FDCFD1B30F232369B2301F7239C0554CA381F8FDCF67932DE1FF48929FD3A5167C7966428C82BA233AE5B3C684564F64994F6FC83116081F66F2A70DB404BDFFA42E3452FBC6333F0881D9B4872B86CE31A33E569B5B7A4EA401C4238D83FF2
182,EE,44,0103020C0058000800040000800B00000204
183,DE,272,0B80E6459414823E56DCB406E9F126F9FC3859E39BEE5F0C38A9217C0D73E37239643AF45E93668B7E4883C1981F55153B2DD232077CC7EFD6CA3788EFC8E74DBCEAC4EC9B515B206C88336E33AED32C614DBAFE9A82FEF455EEF9533637D56890AF9FB92F32A8AADAF26E251201C243B0D474C1F9112B68A440D11331A92708EE484271
184,DE,272,0C00271A58B904045559AF0EEA7CE88167D79CAD007E11B6795E22402291FBC3A702F7B016F3ABFB3B1C8A614E44F215AA24CB2CADC6B7D0CE56E9A0DEC9E5E0B2EAD5179A018665198931C351BEFA7B64DAE400BC404A645DA9C7613710F75DF2BF42EF545DB754CA11D7DCF01DBE5CB76A1382ABFD366DF611ABD46EE400E910DF437C
185,DE,272,0C8013EA85017BC47EF90FED63C426F9842950F3ED01240AA77658FA040EEA792930E52C6409ABFBB30C82697554900C2AB116690575B3EECF9E17874E31F2CDBC112BC563F084F84832B3A313A109C4D4D56446647277398311E880366F358F4E82438F270788A5B13A6A14F3E09D0E9765116A54FAF192B66DD92E6EE420E6EF263E12
186,DE,272,0D0051F550BE6DCA459919EC63C4F6F12FD58F73BAF3807CA776F4E90DFE623DDD35E4B176017BF364F05DE91AA6087AF569B8C11C483FEA3BAF37880F8AC64D7DE96BED9A0983084832ECEE6453FB5369156CD6B16583767C913881C3C32A70FF52432725BC828736797A812EA5B5FE48EA66BCCADDE6951658D1EBECA1101CED504555
187,DE,272,0D80AC2A81900FDAD0DC59FC708E06F6C5D0026B11DE8625A776B8F9FB816080D71391F32F54702BE9DB5DE9F2A6F705AB6EEB237E3FF748CB56EEA100378A3042ED531265D6E6276F6F353EEA8724C335389AF1D16A087B0516D6663F3FF35990AF13AADA4D11ADD9333ACBD4BDE2936E43B86CEB08C69AEBB22464A9AEE3FEE00844C0
188,DE,272,0E00A5D358B9E42744A1A60DF6A526F9942AAF7C5D097F0341713E1C705EE3AFF71CF109994332FCCF7282E1805BF705076E163461E0B758CA865598CF8FEBC564A73B5845D9549C78FFECEE9C52FBB3B6C5E912B615F7335C19D57EE9EF858C4F2F435F1942A8AABEC06A4CF15B196EB76AF390AB75399D84B59EB3EEA1D0E6B50044B7
189,DE,272,0E80AEF2ABB9820244298FF3C309F90847D8BE751206A30C58F6CF0BED88EA8F361CE42CB94C6017E76A7DE6655DB51A3AD119248A7DA71D11866034DFEFC645B2EA951495D13821577F89EFE3A643C2494525189EE5373E5CC1095726AA753DB0A03D5298527612C323EA812EA5E1A861EAAE93A9D98485B40D4F7511A66CE018D73F5C
190,DE,272,0F0024FF8761D29F546CA24DC37806F60DD170CDED012C0AC56620BC6493FACA2CA2E4EC994328FEFBF2831A8A8BF1232AB104699575485F3C815598DE8F43D33DAFF415122284A0A77879EB33AE4F3869456500BF41F7AC5E54277E9E14F5F0F2BF41EF195FF7E7F93CB6370EAAB045D57A66D4A6FD07D036F8246469AF42F6E660430F
191,EE,44,0103020C005C000800040000800B00000208
192,DE,272,0B80A3F2B0FC50979B2166081C866BFF47D82C75AF1E81B4757E1C4184C335878CE71AFBF44AC9EBEE4A8FE1A91E8847D566782AA828B6E8669868C520389CCB42ED4F1327C98598557F27ABD4E324C3217E457EBE65188C7C99F8A334F7FA7860AE2EB3FA421F51264CC786741FEB68B76A079754FA50939635DB639151DF6E38D842AE
193,DE,272,0C00FA0158B984314DB1A78BE3F939F4385F8F735AE58874A77678EF0CF6579719A4E8FC8108F4B630F2BE128ADB88F5284435F4EA376354C18E0B890037CA3600F229ADACC7BC6D87771745C42EFB136AECA24E037DC5CC700F61CE366FF58E488280E7DA4D51AC0AE495C348A1E24CBB6E4EEC1845381D0901DDBAC88BB600E6504202
194,DE,272,0C8067B08768D1F3F893846BAA6FF871719D50A2132739BE5AEE79E2050623CD28CDE4DDD1FE5663A6148361431108DB2B40A09E37A0FEB6CF0E21C2DFE6E7E40F520B8DBA4939306ACFC0F3E67FE4E8C6774766B4ACF6FC955BF8AF34C659C06F375D4FDB4DD6AE8D8C6A4C305A166E40EA6CBCA9DD3545B59DC9734919DF7EE8C04635
195,DE,272,0D00084AA721DCC2842AE60AE358FBD11C6770EB17164007F88E30D405A676370884C5649943B2FE70427DE6495EF605566D899835B877A1CAAED9502038B6C98C3A280DA8017B2F13730A3613A1B3C7461D9AF1FB69D7F49C1AF896363FFF5800A339CFB7F37E2AE72FAB3578EF8D409966C326ADED76994C3D57DAE7296FE516D43F19
196,DE,272,0D800AB08761B40E4802C22B778A09F1389D34AA130D90B0DC3C00CCC4C415883718E42C6C987AD8E52A16EA7A5388402BD7153F94C213438C7A4CC2EFFF268742ED25119EC144DF5A5A033613A1F3C76DCC55067E27087B5F15D1A68BFFC7C8B0A0BD14A50F79A26A3F691CFD8D189370426FBCB5DD30459C9DD7BBD881E636D8F03E7D
197,DE,272,0E009C2ACF9182C277F959FC0A8ACA2147D8B6703CD67F039B7503DCB99EE83FD7133BB753948BF434F1B231374B0AB2D566C26F2DE0485F1D85DB50203836CE933AD41A57DAB7F8E567315613A13380501D9AF17B6EC2ACA31E3A7D18370A7FF0AC718F98527512D933D08FC07DE24CDF6955B454FA8D96836D667BEC1100E9489B4079
198,DE,272,0E809C2278B67CD971F959FC4A8AC92105C752CBED01244F4DAECF0BA58DDA5FD7137BF75694C9EBED4A7DE6131838D297791694EA372313CE7EF878DE8FB035BD3AADED9A0180BC58CF3314EC76593B691D2526BE9DBF8C5EA994863637A1884F77F1AF259A737226CC1F34F17D65BB68B2E787AB2D956DB66D5C93EE718F1EE70041EF
199,DE,272,0F00DA028761000E44F95214E379B901B80F50B313B629F478AE46FC04563A6028EC6D2C66BC3823EF02DA318AAB78D22A99F0CB15C8C388CE769B70DFEF2215BD12AAED9A01C8F958871737EC5E1917691DA926BE9D918C5CC9A4863457AB884F776F9F259A2D6226E45E14F155B9BB68B29BB4AB05D942B66DCFB3EE59DB3EE7283F1B
200,EE,44,0103020C0060000800040000800B0000020C
201,DE,272,0B800E228749703D44D11E14E3791521B827E8AB12FEACF478AEECDC047E0E5F28EC492C66BC8023EF02A2118A838AC22AB104611186B85A8E7E1787A433C673B8322D3795D3B8D90977131651BEEB7B12D9C1F73F94F2A5553BF7741216F463CF57E35AD3CA773A9B2C7A749CB9E24C146FDA7CBB4DC69AFFF19EDDB814B14AB8204011
202,DE,272,0C0002668749644644D11E6FE3793965B82794EF12FE48907886FC98047E3A1B28EC316866BCAC67EF025E758AAB46BD64D414D415C0E7FF9C7EBF31948AB365BD1A6AB9C021D38B588F7F41BC56B576203D2D51BE95BAC911E9BAD36517A0DB0E1006AF25BAA8AA9ACE6A4DC075146AB76A7F99AA75389D414C9A63FE50FE6E18D73FAB
203,DE,272,0C802FBFB569D7F39B21A606E209B8F1A02E51FBED01F749A776F4F6840EEA5729341AFB1D09ABFB0F0683698B53E7F32BE1EB237D7D6850DA73E9089E3FF634BC6AD41AFA9C046D87776F1CEC2FB8136AEDD8EEBFD5087B3D54277EC21BF5F0B0A0515298527612D9332C8971E8C2435C9867EDFF253ABD0BA5DAD311A6B1A3EDD0443D
204,DE,272,0D002AF958B9C03F4CA91BE3E23106F682928F7396FC818C797EDFFD0506358754EEE4746744EB02AEFA92108BD3D70AC29D15BC5430B6A9CF1E1787FB72DE8062E24BA79A01A45887776F4CE176D34B67CD13F89E1DB6907D69277E320AB5D4B0A080530DC2374C0EB4AA86F175F26AD57A56D454FA39D036F8046BC25BFF66E708433A
205,DE,272,0D80ADD33AA9D162BB2EAEB63C89050BB957117B52F781848679B806DB8E22632094E5246565C9EBEE4A7DE6661FB51A2BD1EB23CF7BA71DC48EC08B00370E7C9D6AF415FA388DA10CA635C733AE3B21614DD8EEAED5087B8A55277E823DE7F09D51427A619374829B2C7A740EAACB076362096EAB253ABC0BA5CBD311A631A238D83E19
206,DE,272,0E003A08C739D00A47091BE3F33106F6029370F310DE832EC56620BCFB8154C3F71C89166DCCABFBEF278230374B18B22761C969EA37101431894DCC00370E3DBC636DC49BF17B2FF133736FDC7EFCEAB6C5190DBFEDF67CA2E8F9F6C9E066347E7F427FDA4DEDEEF93C0E3FF0255C4B699366E454FABED136F8046B4659FF67A608416D
207,DE,272,0E80ADD23AA9D162BB2E2EB7EF81D8FD67D7A881138E8104858F318C0F860180950CE44C99431BBF6FBF5DE9F2AB088B6BB91604A828B6E8DE9EE280783539CDA901239D45D940D259F772E6EE57FA4B62CDB4F9037DF6CCA31EAD3AB6A22A700B5F43D6779274829B2C6B740EAA26076262EB6E74F51176BE3D046BCA4AF76E38D84196
208,DE,272,0F006E0E862991D204D8A76BEF8182FAB3DFE174AF1E81B487790540DB8EE277299DA62567648BF4D6B6C268BA8B0F23F5694CDE14B8B658B17FE9002038C5898C322A3D65D6AE648777731CED2EBACBE93C64764162E0304C5CF37632ED2A70475C42D7244A985327B4B5CCF1161D9B48E207E4A1FD0997B6BDDC934E2120E63B2740DA
209,EE,44,0103020C0064000800040000800B00000210
210,DE,272,0B806E7A6731DB029B21E210EB0126F9B42751F35306B0F579FEEF04787CEB1761ECAC0C67D47FF303F53FF99AE3F705C02A94611E3060511186586AD5B7A4C5AD18219D45D92CC2587F2C16E42624C3E53AA77EF4E5F5F5D699E5A7E9EF05A25E279C5711A07D3A74CC3834FB3D5DC2D57A65D4A0FDAED4A6F8D0635AA820E68F2A44CE
211,DE,272,0C00AF7A86B13F2345A979F38B3AF921985F30FB1806600D787E37FCA406358714E3257486C4ABFB9B0D8369CB5358F32BE11FF4CA382FB2C60E378803C6E75DF41262ED9B418F28C4708EFEFC1604CCF386E5B3B56570758311E89C3C6FB7785F5549DFFA42674926347534F92DC2438494A5ECE17D3B143C3DC6B231A9AF34F6504021
212,DE,272,0C8071FA1358DA4A16D1F40BE911B97805C752CB1906D74DF83B3B0C608FEA8F37E43AF446AF7C7330F276178BDB4902BA9015A4A828B6E831898DCB5F7A39CDD91C2B94DB098708E567325613A19D80B6C5A900BFEDF67CC3E8B9762616F4F890AFABA524D256A22AC56B54FAAD96406362D46FAB2DE6956257D3E331A9E317E648430B
213,DE,272,0D00EFF28640D1424F29DFF4E8814AFF05C751CBED01B74F083BEF0444304A072814150CC69C77D352E2F25175543E49F569E0817DB98780CDA45598AF8F19C290A18294AA088702E567435613A1DD808344552CBD4F4A642CA9077129ACB2A04A8C1B87266ACABA568495C3E6E65A926D493FBDA8DD8485C60D2464E1EAB834E2FB4064
214,DE,272,0D80F62884916DCA349959FCE4CAF3F1DDD68F73C6FE818C797EDFFD05068206F71C31653E9C7DD3E2FAD2E98D83B8828AE9142412C068507A66600077B6BE1DB4CA261DD9D974F8A8FFD36EECA60B3BB6C5F91E76E51FF504C1F5563BE7C370BF2F035F2ABA8722F93CEE3C3025FFC36A626896BA4EF81D69B57F96EF29BEEE972147A9
215,DE,272,0E00AF728C610FDA80C1AE7B5309F9F1BF2F57A31B27708C87A6362DDB8E4676298CA4FC62B57563EAEA5DE916AA099A0B6110D514A068502E79E91896C7AF35BC7A201D04DF393028CFCCE170EC038E63CDA7FEB4BDF45CE10109C6C9E06B3290AF87EB45C3477A251ED7DC001DE24CFD28C6ED9B243AB70BA52AD311A671A405593FE1
216,DE,272,0E809E28849B6DCAB59959FC64CBDA7B88045351AF1E71B48779B046610CDA522B3E58E497F48BF496B0246BBA8D0B289779E594EA37C5122904D85FDC155BDD4C5AD41AF19B1020544F8FE7DC59F8E1D4D59446416295361BC1FD5D6E3FF658F2BFB2EFDA4D2DE861ED6FEFA9741E6BD57A96D454FA6BD7F167DE48B67BFCCE5AC846DE
217,DE,272,0F005F4278B69A9803F2A3D0BB5AFAD105C7A1CBED01C24E3FA335275C5BE9AF950C144C99434EB9A82487CAD28D0B229779E594EA3785128951EDAB87E0E5E500F2DAAD65D6AE62E47E7419EA8D47CA313266D6037D06CCA31ED83C3CE78B7090AF4BA824C236A236C56B449124C24394C4B86C436EE6954A3A83BBE981F3EE82DF4408
218,EE,44,0103020C0068000800040000800B00000214
219,DE,272,0B80BE22BF31205A4429B60BCB015978E0075B5B1E06DA0B40F6700C0B76D20F009C147467447B02E749AA616ADA50DA2D4118245E3F4788B60ED809DF3F1635D56A0B97C2098F08547F73E9942EBBCB663D1D76D6EDC6F55D19F7873E549DF82F2D1B87226A7BA2173B9A14492D6DC268629794037D9917EE65D043E2A1D9E15F5837BA
220,DE,272,0C00EEF288416852ECA1D772E281F600B06CF8FBF28CD8DC7F5E3C0C13891A5FD094557566448403077AA26AD28B03222661182BEDB8F758C17E100037B7574CBCEA24EC92626CA845AFECEE6C40F34BBA75647EFF65878D5D99C0FE36E7EA88507F4C7E5DC2887A2A15D24C0E75146A90EA98BCADDCE695E64ADAFBAFA1F71FE64044D5
221,DE,272,0C80ABE258B9942545B187FBEB70F86167D7D88E139EC9FC318E319C0F869B82950C144C99431BBAD7BF5DE936A9099A2B6117D597A925A78C946971DFEA39CD515024CF8B638E0919E63A1ACD26BA526033BAFED2B9E6FC1C80F8763212A1A8B0A0465705C2777F251425140FAA654597B2986351F5379D15B789B310A608E138D84005
222,DE,272,0D00EE5EAF392FD5B421A62BC301D171FE0FAE7CFE097F031D74CE0BB389579719A4E9FC010A0B4BEE73CF388B73F7051F2854AD24E8B1791186E47CDEB7A7C59D1B2A9D93C1B4F0595FCCE1CBEF24C39D36647EBF65288D5D99077122AE84C04E2E0E86246A88A53F7D2A4DC4751B6AB76A7F90AA75789DB24CDAE3E7B1CE36E6F040ED
223,DE,272,0D8051F58CF80FDA44DDA773E2810200B95FAF7CEA4EF04109C03A0CE088EA572F351574669C70D2EB2A32378F8641D63071CB2C85CAB7C0CA3868C2DAC5564D4C6221CF99288428578F31EDEF569F1867341745BD6EF7AC5D19F787380F2A70FF5D452F930847582EE5B5CC59770CCB946566699B4BF9DF4ABA266FC61703E91DDC3EA9
224,DE,272,0E008E4447F32CD5B225A229EB5026F9C423AC7C7E0B3D1C08CECF0BB0CE6ACAF71C490F66CC7405EDDF8EE1AC5D0B122661372AEB379D577396E9302038458D6F522A959BD15BD959FFCCE170EE3573684524F69E94F6FCA31E6D3E045FF5F17E7F427FDA4DEDEAD8E4B5CC654715CBA2B2B86CDB11311DBABD122E6EE400E905D840EF
225,DE,272,0E8013EA86012FD5336126BEC539F978F607535BAF1E81B487795544DB8E4675289CE50A6461352311FD18ECB5EB088AD466F02AA828B6E83189B6C81B87E74DBCEAD0EC9B517B2F0637F35EED2EBACB6D3C64764162A03432A1F8FEF611F35D501FC3D7FA42EB4E2EB495C3BDE5E24C3D2A67B474F5A971BE3D2464AAE9D556E758438B
226,DE,272,0F00AB2A8290D0029B212617AB00F4F1B996AF7C3A4E5F0CC48431942582EA2E29841AFB560C2C28EF2A39598BCB49062AC015B41F8837D01186BC6CD7BF19C29FA289A59B598528A58E326613A1E083F675647EFF65F58D5D99077122AFF59B4F77C31AFA42B351D833C5CA4CB51CFB646227292BB8E6956644DBEBAE57FCCBBE003ECD
227,EE,44,0103020C006C000800040000800B00000218
228,DE,272,0B8050F5AABCD2C20AF958FCCA8C07F6C5D1ED6313B68C04553342FC0456F27F28C4850C6694F503EF2A26118A838847F569E4DE95B8FF80DCAF378837C5E74DBCEAD0ECDBD187D959FF7CE27A0624C3B5216D66B565AB74E101F9C6C8E02637D97F517EFA42B75827BC6BC40B5C5C4B6A9366E4E4F92F3D69B56F8FE631F4EEA0D848FA
229,DE,272,0C0013EA86012ED5FA66B623F3A026F92C2551F3130679F579FE720AA4763587A4F8ED6C6D4440FB52E283517454A34D38B90605CA38C7A2CF06E98028CEA7C5B91B2A9DD9D350D88777570AE436F0CB76C5D8EEBFD5097BCA56EDAE26C62A700B5D42D7644A7B5327B429C2F80DC243548E6FF4A0FD35950BA5DAD310A67CA15AC842C6
230,DE,272,0C80AF4279B6BF9D44D9D00BE3518631B80FD78B12D6D8D878AEEF04887CEB067ACDE4DC98432BBCAF73B3398372D70A969B15AC143054A98F8EC871DEBF18C2DFA51BC593F05B20FC85326EEDA6103A28CD4D07BFE5097B0A56CAAE3FC62A70C35D42D7244A985367344635F02DE34C222D53BCA2DCE695C247DAEBEFA1141FA6D042F4
231,DE,272,0D00860386312ED57A669323E4A026F9E42551F3130643F579FECE0B30C9DC572F353AF42EBE757BAEFABE108BD3F605002E5CFC121168508E72E908DE3F1D34BC6AD51ABA9ED7F05F5EECEEC05AFA4328CD6107BFE5097B4A56067132A8753D90AF8BA625C3397A2514D7DCF01DE34C922C28B455FA0D91F86D2564DFAD01E962DD3F3A
232,DE,272,0D8013EA8601DCD27165D30BE35179B467D7C882128FC1DC7B5E8D1405361488CA5AEFFC86487DF3DEF75DE906B90082F569D8CF1DB00A40CF3E16873B71CC7DBC622A1D612085A8A678EEA8EC568F3B691DFF06BEB593BC5CC9277EF21F75F0BE7F467E04F2762A67346235F02D155B98BA664455FAEBD3AA05DAEBEFA1081FE6504262
233,DE,272,0E0050F547FFC86A45A1E7FBE770F87146D8E93512F6DCC478AEBCD30456BF4F28C4B33C6694ABFBEF038368C78A0922D466A06A55B98280C8AF37889BC4E74DFCEA2FEC9B518D3869A732C612A15D85B6C5550DBFEDF67CA7E8F9F6C8E066364F57C3BC259ADE5226E47634F17DED9468B2E7219A2DC79A8CB0046B2657FF6627274820
234,DE,272,0E80A3D758B9A82844A158FCCD8FCB2146D87D76CD0E70FE78F6CE0B2288FA9F05C41BFBFB4F592311FD18EA7454BC0918B1EA23093D9A8830897A8BF2EF18C232E1D51A79DD393059CF3FE67FED7B14691DBAFEEA9DF7F56DC1FF57E9EF3D8F4E2F425F9ABB7622D833278A2EA5A9BCE8EA67BCAADDC79A80F3046B4656FE66A6D04650
235,DE,272,0F00EE0386312ED57A6779F39F7BF879B9DF2F8A13867E034E30EF04687CEB076914650D67C48AF4C1B4E2378A838847F56948DE15B8B7AECDAA5598DE8F18C2AFA4F415D62B7A2FED73CDE1DCA824C36131647EBF65078D1D19FD873767FD7874A8438F2707A8AA06CE6B4CF0ADC2BA69E29963A3B3D542B66D046BE25BFE66A6D04381
236,EE,44,0103020C0070000800040000800B0000021C
237,DE,272,0B808E0386312ED5BA6479F3AB77F96978DC10BB12DE8D24A776CCF5040EEF57203E3AF48EB3747B30F2720882D328D22661536F05E068506A65E00021382F8DBD1A9FED9A01EAE858AFB739EC76600B691DE5B3B465307783113C9F3E672A706F7253DFFA42CB5B254C7272F9751E61D57A66D455FAEBD0BC65C74931A95B183D273E6A
238,DE,272,0C00BFD758B9A41B5EA1E4FBEB73E371BA56A0A808B48325C56631BC088600C53AED3AF4E68D6E732F725DE9328518822AB11CA43420BA80CDA55598DE8F18C210A7F415C6275DDF495AECEEC06FE24328CD6D07A7E5B6F5ACCAE1C435C648604E174F5FE2007E5BF93C560DE82DDCC379E267ED74F5497BBE3D667BEF11F3EE2D9A445E
239,DE,272,0C802EB78DB1BFD99B21B612EB01F0F160D18F73DEFC818C397E20FD0506AA5F950CE74C6A44B9B96FBF88E1D658D70AC2891CA41C3072561186407ADEB7A7C5AD1B2A9DBA0139305ACF3FE656EC24C3D135647EBF65188D5D99067162AA753D45A70254FA42CB57E7BC2B1DF286A05369D2996393B0B91569B5B7B9FE2120E68F2A4148
240,DE,272,0D00AF723AA9D162BA2E9BB663C407F624D6ED6313B67E034E33B0490E865F84F71CA90667CC35F3EE0B8361555BF4F7ABE85BFD16100A40CF3E1687CB72264CF332283D27C98598A6783EABEC7624C349276D76037DF6CC5619CC3DB6A2FF78DBAC9C572DB0762A67346B35F02DC243D097E6EDE4243ABD0BA5DAD310A60CA226593EF2
241,DE,272,0D80E82B84916DCA459958FC0FCDF97BFE07535BAF1E81B48679D540FB563587F8FDED7CDB5C7543E5FA8EAAFA160202466ACB2CAD8997D03156EBA16227967543EDFA5145D9E08DF0F6603EEF8646D3197D9BF176291FF50AC1FB568BFF85C8B1A082130DC07DA2563FB5CC75342DCB689357E4C377339DDEB6EAEBE612CF6EC65847FF
242,DE,272,0E00E70A8D07D40845098521E7A0FA2105C720CB18064F4E74A7332DB99E9A3FD61344B04D9E7DD3C22085C1A5890D221BBB170426EAB678FB54E2A1DFE7E5E400F25BAD64D60B6419AF8EFE9C16F1CBDB87452CBA44FFACE10188C63CE75E32F2BF33EF2F4AE0E8DE71B5CC4D591DC23BBA644416E5C82D48BAAE2F31A90F56EB004005
243,DE,272,0E808E7258B9207A44F98E7B3C89156967D7BCF3EC01BA0F7CAE008C0056D20F2B041BFBDF4D8AF458F3AA69BA8B2D282A98EA23F63A9FD03089088A213802CF9D62D71AC4D97A2F4873136EAC4ADB4BA98F99F1E86DF7A45D39BEA636F7BBA8B1A03D5605C2374E06B4424CB14135CB50EA278A937DF9DFB665094210A639E4CF583F76
244,DE,272,0F009E2A849A6DCAB599AAFB90C8C979F83160FBD24480DCB85F8B1BDB8E8679299CE4FC91B5757311FDAFAD555B54F42BE955241DC1B6D83089CDCC5F7AECC5AFE0F415A6398CA887770310ED2EBACB793C6476616DC7845D81B18E7F17F4E8F2BF42EFDB4D78EE26C46E50F11D9D0E87B29B63ADF5C79AE0B7256469AB42F6E6604921
245,EE,44,0103020C0074000800040000800B00000220
246,DE,272,0B80A2F2B0F8386A44A0F423E2A107F652943DC3128E8004398E71D405A61488CA5FE52CB94C9014E78A7EE61C1DDCDE2AB194611E307A547396E930D33FFC8C62E2EBE89B59C528598E326612A12080B6C5D503BFEDF67CA2E8F9F6C8E02633CFE2495FE543A8AAAED362441E7DA0536AD26D645AB429D8BCBD6E6A31A96F59E70044BA
247,DE,272,0C008E728EB138DB4429A10B83015D497857F0FBCD0EFCF379F6710C1477EB0FF71C910B67CC35F3FF0B8361555B64F52BF9EBFD1412FEB4CF1EE280C3305BDDAD5AD51A3A9AC8FC59CF23A333AEBB7C63CDECFF9EE565C49D9199F6366E55F890AF73A824C236A236C56B442EA535BC69EA2664BB0C381D69B5FB94EF390037E6F24454
248,DE,272,0C80E71E8621DAD2B2271BE3F33107F6C2943E8B12D613C478AEB0490E8689862814FA0CB94C8C15E77A5DE96AA574BBE0E916A41FB9F5D88707690000373233BC626A1D8A2085A88777FF10ED2EBACBF93C6476616D338A5D8107AF37C5BC944E37495FED44CABA278494C3BDE6C243CC9667EC6B133B45B79E2564DAEAF3EEEE9C41E6
249,DE,272,0D00C832876150979B213E0FE3F9FF29BBFFED6313B67E035E35EF048070EB067BCDE7DD26CD3A2BECDA3FF98BE3F605302A14F4183008517396E9302138FA8EBD1AFEC19A01ACD858AFB516EC76EB8E63CD6CFFEDD957F45CE0277E7E01FDF85F7F407498526712D833978EF17CC2434CB675EC3B4F39BDB76CDBBAFE8120E6F3264495
250,DE,272,0D80AF7A86B14F2345A9ACFBDF8AF3F1DCD4597B300A8FBC79E6710C0577EB1F48C5D92C6C441CFB30F2820782D3D70AD69415AC543037A9CF0E4A08DFE5E5E400F23BAD96D12062597F4C17ED2646D3797D69F62C2F7BA35CC9E8333CE736704F7F4A7EFA42BF5727BC2BC4715C1CCBD57A77D4A7FDB8D7FA05DBEAAF79FCCE5AC844B8
251,DE,272,0E00BE4279B67F9862950673E381F60067D7C4AE038682FD3A6430ECA406FA562B3F58E476F48AF471B0823150E91A8ABBD3140414E0B780DFAE378887CAE74DBCEAB4EC9B518E28867539E6EAADF2CBADC6BAFE8E90F6E41D19F987377795A97377495F2C42A8AA66D162442EA55DBE69EA26642B0C381D1635DBBBED8042F6F76044DC
252,DE,272,0E80A2F2C2FB6DCA5499AAFBD5CBF925B80FE9C3138EC104588F318CFA8199C528E4E51F66946003EF2A02A495EB088B67B91705A828B6E83189B9C9D53FB5CDBD32293C45D968DC58F7ECEE0442F34BB6C5A502BFEDB67C1CE8F9F68BFFF4C8B1A0121525BA106226E4EA81FBAD2643B76AAF80A1757B9DA64FD1E3EE79FCCF5AC849D0
253,DE,272,0F00AF4279B6EF984629490BEB0126F9142BD0F3CD0E2CE070FEEF04AC62E20F950CE44C98435BB9EF0ADA3A8A83884720610D2CCA3823BCC60E37884FDBEE4562E2BBF992515B20D49B3B66E7A6A0C263CDF4FB037DF6CCA21EED3CE9EF898C4E2F425FFABB7622D833678EF15D29BB68B2B86CCF093815F7BDFB92EF2101E9E59A433A
254,EE,44,0103020C0078000800040000800B00000224
255,DE,272,0B802F328761030E44F93624E3517D31B80F8F735AF2808CB8883128FA8114C658519A44663CB504ECDF3FF9FAE3F605DF2801FC161B0A40BE3E1687307639CD45092195D8D1A4DA52FF33092CE4BB33B6C57512B6E5287450CD277ED62469F05B279FD771CA6B2BB2B4364D252D81C27CE3BBEDFF7C2517223C80E93D2020E60F133C36
256,DE,272,0C00B57A5C48C1F244FA79F38B32E4479D5F546BBFAA6BECA33C45E02106CC071DA2634E9067DF57AF168A6186534C0897796494EB371011CE7E7C40DFEF39CD1119F415E2320EA09AFEF96E6E27F1422B4C2C7FBFE4F6F41D19F98737670B7FDDEEC31AFA42FB516930EA75F03D524F68D366F4AA2CE695CA6ECAF3A1A5FF4FE6404305
257,DE,272,0C80512258B9A4314CAD5DFC6C8ED92167D73C981A865F0C108D30948485E2F725140EF4DB5C754313FDABAB8AA3F8DE2AB19461C188495FC6865598DE8FEDC524A43B5893D19C2758A7985AEF8746D3797D9BF1DD2CD7F4A71EAB7BCBE075766F2F03B305CAD41A27BC232AF02DD40968BB974516E5292D48BAE52AEE51782EE700416B
258,DE,272,0D0096B78EB128DC44F1A5DB5E99C84146D81432AFBA3DBC58EE8DB1F056C20F088CE5749D4313FECF62C20DAAC399BA2BE95DCA14B07E1ACE5719A12FEFCE45423AD01AC2DC7BF8A37866EB137600CC3BC09A264562B8714CCB08A7985F0E7F89AAFE4714FA89A5287DEA81F17DB7F260E26C6486F3394DB4F0A993EE71792EE70044B1
259,DE,272,0D80DB028761581244F9D20BE3515701B80F74AA12FE24F478AE97FC04568F4F28C4B90C66941D33EF2ABAA4FDEF287A2DB9170EA82886E830893DC8A682672A34A883F091D1342558A730C751BECA7B97CAACBED6ECBAA41E38D80E313FF658F2BF72EFDB4DC8EA538CAB4CF9547CF260E24F44AA4B3144939DDABAEF81F637F4F1444E
260,DE,272,0E00DB4B8E3911D1C4CBA621E0A044E9896FAE7CBA4E49FD6D5FB0B50D0EEA56393558E457F48AF471B280388B7302DB2F407D9D1CB8765B4E6FE859DC1E5BDD8C5AD51A0A99F29152F731E63354F14B1C746D76CBDDF6E41D19D88737778D68077F7C7E04327D142FEE71E581171D9B78E237E4F945F81577BED9807D21FC67E4D041AE
261,DE,272,0E805E018430C82B0433A71B3301AB48B057107B92F688841AC738840486357F2094FCEC689E77D352E2B3517454534A75DB569CD4B8A6D8CF07B9009EB677453D63FB9DDF688CA0187FB316E426AF72614565F66195FFFC08A1F9EE77E7FD894E37754F61927183074CA233F289BC4A60926EBCA8DE8485870D2564DAE9B356E7584164
262,DE,272,0F00E249DF3148529CA9BE7AE937D249B7055150D68F9C8575A43127800F360F23CEE4D722CDE873E62083CA88DA5282EAE90CA49DDF771A8E76D739D7BFC07CB5626B1DDA218CA860C7327EADA6EB3A685DD8EE8FD5097B4A516AB6363786884F77DDAF259AAC7E26E4B018F17D91BB68B2EA94AB2DB86DB66D5993EE717C1EE70043BD
263,EE,44,0103020C007C000800040000800B00000228
264,DE,272,0B802E3287615C0D44F9FA0BE351112EB80F218B12D698F478AE88FC0456844F28C4BD276694D033EF2ABA118A838EF22AB17CE415E023A8CE5E9370DFEFE626BD3A9BED9A0101E858AFFD3AEC762D17691D3036BEB5A1BC5CC9E486363772884F772C9F259AD77D26E45E34F17DC59468B27784AA4D2965B70D1B93EE71CF1EE7003FC3
265,DE,272,0C0012028761400444F94624E351A52AB80FC3BB12D680D078AE40CC0456774F28C47E0C66940533EF2A36118A83FCDD2AB195E415E07787CE5E9A40DFEFDE80B95C2AC488F184FD596F5E0A01E4F81665EF0D07B163B7BF9DF1F2FC175135D044A72D54259287830E8258890E7D2F06B76AC39EAB753945B69CD07331A96314E6583DBC
266,DE,272,0C80EFF2C740D15254F979F3736BF17145D80F3192435F0CF884318445866A7E2994ECFCA84C642330F2F60B82D3B51A2BD1E9235B7A371DCE5F3788BBC5EDC510E3F415FA2BCB28A7BE317EBD36F953385C656EFFF797AE5CC8277E7A1DFE78E2AC4F8D259BA8AA62CE61C456A61D9BB76A278EA37DE6958A57D3E331A9C314E6584515
267,DE,272,0D00AFF27940D1529B219201E219B8F1A82E51EB130685F67DA4322D4D7EA37F298458E467F489F4C1B502A48B82D70ADA981F2466396850C674A78020FEE45DEC7A2985CB4084B019ED333633AE0322614DBAFE5A9CF6F45D190587376748604E17BE583505F7E724E5B5CC4554164B3D6B67B474F5ED74BE3D046B2E58FE76AE283E4E
268,DE,272,0D80E702C6B1C02345B979F32378F879F9DF408A13863D1C79CECD0BF0C86ACA2BC53AF41ABD7FF3D6F38231555BACEB22E1CB2CB5D9BFD87396E9302238058B90F3D4AC45D9109178073D3EE486E9136FED7D2EBA45EBA45E390571E9E98A6890AF3FF6651B9F4F2D34AACE711BA54A689D654156FAEB93C4AD9DD59E51DE96EF1945B2
269,DE,272,0E006EB04EF3586046095BFC248F9EE1BD0D50AA105E8B04697502BAD6C403622A4CEEFC354FF44557FB821E8876F5059F6F413410E2B789CED6E3802035D4736FA8DD5FEA388429508E33BEE7A6C5C0E97BDDF7BE9AF559A11E587876F72A70BB0F6BD72E4AC4AB26EC65E42EA5A9D358D46C641DF43945B29CD465E64102E97BDE433A
270,DE,272,0E8083E28460E0644F29D4F3CD0926F9685740A912D7B89C686536EC0F862485086CFD24656E3BF3EC028035884347022F9914F05786B501F616F89BD9DFC62DB6EAEF17D867847160E723FDEA46DB23610D6EF6056FDFF41CF5D0F6CBE0A6764BE7FE47D53B5B5226C447DD0F1EC24304FAB86CCF458D94B66D19325E4DF4EEB2DA43C2
271,DE,272,0F00A90285942DD50D27DCEAC3F9001D396D5250EF01C20A0B6F36D307A7E6572935E42976547C2CECDB92398B720AD72071CB2CF5D7BED0C857ECAACDE7E4E540ED0713C7C084FD87772F9EE3A0B332517BA5B4BE05F5275CCB607E3617FC630F47435E2DBBC74E2E34F3C9F1751F6A9565736AEEEC867189FFFB1B2E4A3FACE7B041E6
272,EE,44,0103020C0080000800040000800B0000022C
273,DE,272,0B80AFA9876348DA44D9AFE0A361F9F0AC2EE8921A06030978A6322DF981148207053AF4EAD3E2FBEF9ACA578153070B2AB91B04CA38DBDFF638E380CD36E61DB9CB241F5A51792FA07229F7EC77C37D63CDABF9BC0DFF7CB212FFC0378FFD78A5ACC3E9259777A28844B5CCD95A1DC369BF3645AD253BB74BBA0B6EEFB020E68F274478
274,DE,272,0C00AE7A0746DAF74FF9A69B1C5226F9E42852F353B0B8B2717E9D020396E15F2874E52F7CF23545D74C8BE12E5D08DA2841E923BD3D53481186FC77DFB78614B558223D910385415A173AE60AA8FB136BEC98F12668236C1303F196E9EF3D9E453FC4FF2FD2F54AE43C6EB4F9B71AB963FAA48C316D394FBD25188BF422F47624383F1C
275,DE,272,0C80F4718C29133ADEAAAF63A369387AB9DFAE8AD385D2147EA63226F98194828704E79466BE7CF369F185578B3B08F82261952F9586BC88CEEEE9EB047DE4AF6FA86AABA2678D280E71333EEE8606CC33C0F3E6616D8F8A5C9198A73E55FE584475423724B075CA26CE63C467A31D936A439A63E3F0BD8DF9A7D28331A9D708E5BA454D
276,DE,272,0D00A56A4459CA514543AD632069A372BAB5511008B68B9CBB96AA8F0E1E6867FB9FA6FC67B7A770E562054180CB8AEAE86910541D2AB0AAC716A8685DAFD64DFD061B9DD1C1A4504EA72FC7F176FBAB691E7F40FFD3CFCA5519F578363FF758B2A05252685AA8AAC2C16A4C917C15F961427AB6EA4B012BBFBD946DEE79FDCF1AD74322
277,DE,272,0D80AFFFBAA19FC84DC979F37B64F3693F7F5AE390EE420C7C0E38160374E117EBFC7F6C66967F6B2C12986281CBCBEA70E21FBCD6D82DDBC716A8681EB4E7C5431BEA9EAA595B20149A3A6EEA7FFFE16A1561DCFE89C7FC5D09B89A0667FF7875AE9C577DBF763A27346F36F4771F6A219A2E94AA6D3805F7BDCB92EF3102E925DC4383
278,DE,272,0E0013EA79C2FC2244D98BE21D3226F9F46A8F7356A3350D78AE4E5DA46AE18FED1CE30C646189F456F673F1A22BF9EEABD3160FE8370554249EEE5EDC1EEA1DBCCB2ACA9CC18CF65B5E233EED87F91C69DD6521616DE709531BC4DF0651353A4FC741042598EFAA26C463DFB14D1D4A6093C788A3FD2A91B665D94213A671E221C04161
279,DE,272,0E80181EB1F3F8AAC4C266B9E3E1F8AAB80DC87312F6891F389E300D1077DA66201418F7669C76D212FDFAED3A43D70ABED5802C1540F7EEC48E618FDFE7E9E562E24BB9B2678E28D470333EE887F4C9DD7D98F1CC696C6C5DC8D0C03CE7BD7600BD4BBAFA422B3626EB3FE4F0721F234A436F64CBF70805DE1DDA0BE6A1A4E4D6484728
280,DE,272,0F00C71ACF21D1BA4640AE4BEB81AAFB894739939A9680D449E659E40C05DB1741FCAD7F57DC1D1B6779B279A2BBC9892B61EAD5D4B39C48FF168168D7BCE7AD8C7242F5D252864059163B56DD3E9223E14E556E968D36F71D19F987F764F7104F5D413F24227758275468ACF9AD3E4159FA0FC4AA95319DA8B7EAFB8749B77EE6B8433E
281,EE,44,0103020C0084000800040000800B00000230
282,DE,272,0B80AC9B8F01D8D2522397638A697161985710973286B4147A16380C088CDB1740B4E4946E4473F9DE62EB09C2C3096A28081C941D304851FF16816857AFE6158C7242F59252B5B031977B65DD3E9223E14E556E968D36F75D190687F76438C04F2F45872260CFA325CB62EEF9AC1CB33768EF6CA8ED319CB745846966A97BE6E7A03DDA
283,DE,272,0C00634A863991D246D8A77B1E8642FA05C7AE0812F6ACF4788E1D15FA355737289C6513659C70DAAF1586C1CABD0D222D7115F4132079E0CE06EB901187E64DBDFAD4CD9AD183D859A731C611A15DC0A7DDA74B7FD943755CC955279E0BFF78EAA845AF276F8AA5BF3FABD401413C33E0D0654F56FAAB960CAD61DCE1A3E726D76641FF
284,DE,272,0C806EB087D1D28944FB9E73EB9AB911B8DE588ABAEA88047A7530D406A71788551F40ECD0A842B1CF82020A4A1108622B3A14F62DB8BF438E6EE881CBCE962CB5EAC6179A098609A5785BED7CB660764145A501AD405FC26C81F8AE37C6F378FCAC72C783F2773A2F343BCAD9355DB328924FF43D453815F7BDCB92EF216D5071D841E9
285,DE,272,0D00AE92CF07DAD22627A623EDA17D4E80695A7B740880DC7C5F3F0E6C561788641F80EC64954C45E5FAA0EC883B0002686813921458BF58F0876836FF47EB1DE5CBA2A1BA5904DF515A3836ECC60418EE75677EFFD3CFCA5519CC7A31F7FEA84FC7438C3FFC36141E8263C4DAA11D936A429A63A3F6028DC305DBEB8E70F75CEEF04143
286,DE,272,0D80A52086D8D2BA4D29E1F7E359FBD045D8A9713E16CF1E719E49B50E1E6D2F228C6714A44C7083E7E0851381CBCBEAB0F136AC87C7BB7DA334FB08D3A7E22C9E69D4CE964980C13BFC216EE73E3823F34E6C6EFE8D36F75D190687F764C5F00F4B73DF0DD237A236C442540CAAD641D57A9917BA2575BCB4D5DB99E6A124E6E0664541
287,DE,272,0E00AF9A874BD8D29221264DE851F991B9B48B39106C524639C808BA0D86388428CCE7DC9B43DBF90DEDCA598ADB68D322D31F041EE2B630CF74EAE8DFC5EFC551E12BC598F0792FC675E2F1A3BCF22B2574679CB5FD3494469AF91C3D7F36901524413524216D122DACA92C6B2E17D3EA8AB4EFE8FD386E653ED1FB6901F57665384327
288,DE,272,0E806CFA83C1D8C843DBAF63A3697B611DC847A328279DD4781E30DF1E30AB3910A2ECFCE94F742BEDDA7FE6E65997150DD914AC75E1BFEAC7AEF552DE56E4ADB4EA80169A098609A5786EEC7CB1B4D1602D4E4FB4FD70DC56817A9EF4EFF10847BD44AD2ED2B44ABCA46A16FA35DEA372E16CFC6815631EBD25188B7422F676A738461A
289,DE,272,0F006F7986B12E2385AACEEC1E86BFFBD6C87C8B12F624F478AEA7FC0456997F28C4E9216694882FEF2A3E3F8A83A4DD2AB18DE415E01698CE5E7370DFEF6A1ABD3A2BC09A011EE858AFA826EC76E33B691DF936BEB56ABC5CC9A4863637ADA34F774B82259A276226E41F34F17D488B68B2BCB8AB2DE041B66D27BCEE710731E700418A
290,EE,44,0103020C0088000800040000800B00000234
291,DE,272,0B80AA2F87619F7710F9E94DC33CBC4CF77D098B12F6A8D57886597F047EE91758DCE50C66B48BFC1015AE79FA9B08F22A91EB2BEADF9B89CE7661F6DFC7E55DCD222BED9A217B27A7901F7E9C6EFB3B693D9AF9418AFBAD5CE1610E361FF1E03F6F43AF25BA88ADD9DB465C81651DBB6892986B541229D9B7BDD892EE73F1FEE8D2466D
292,DE,272,0C008A0195AAD136A785A5FBEC7226F9D0664BD6CEF7C41E2B8D23A8566AFA55C63FF5B016F34412AD19D684ACC450CB701A88A98BFFB2BA45876884A741D718BA6CC1F1B5D28BCC38922A95E071FD40482F3FD81B4D8DB14B27C9068A6F616E505E6034476FF7E7F93C423F2EA535A0608AF76C8B1D3944B29DFBA353B9FD5E1AD74392
293,DE,272,0C8035BB88B340029B21E617EA19B07CB8C4519B929E7D037576CC0BF389E85F2A59DDB9B94C8009EF828B398979B51A1BD1E923667968502A344809DF3F39351D6BCB949AD15BD8B8FE136CECA6243B494F212EBF45A4A45F3898FC36E72A882F25438A245A1A4ECB766E19FD8F12492492627FEE0C3986374DD9EA4F4CFF76EDD03CDA
294,DE,272,0D00B0FF87693EF340F4A5DA5E99C84145D8143212DB8924777C14FC019DAF7E280F640CE6DCC9EBDD4A8256855148F3F56988DFA82883E8C48EB5CCDFCFA6A9BD1228ED9A21A5555887778AEC5EFF3B693D9C8BBE9DBB105CE1FB863617E4064F5F133325B2735226C443BAF1551ADA1EBC6794AB0D396DB64DD461E65020E6B72B426A
295,DE,272,0D80A4F2BFFDD84332F7A60BE371F901B82F5F791AF75F0C44853A0C28CAED1E5ECAE50C66B47403EF0A8DE382A2D70A029A1E24357CBFC9B850E870DFCFE635BD1A5B5845D99C9378F7B3E6BF5606CCE5C5BAFEB2CE287450E2D0E63631FF685F6D911D275171407798227471AD4EBB95651C6CDD112943BB97F3FBDE0DDE66E6D0441E
296,DE,272,0E00B10058B9343854F34FD1E59AFB13E97318CBF81182D408333F0EFC76358780FEEC642FC974E8EE1A42797754CD4AAA24CB2CADCAB7D0CE78EAA59EEF1AC272E7F415362B84A0A4782BE9CC7607CCAEC0BAFE1E9F0B7B7116456E3757087FC4EF531AFA42435B264C621CF287A05378D29A6338B5E69592047BEAA879FCCE5AC84330
297,DE,272,0E80BE427AB65A9AA4A0E723E6A1BA29BBFFED6302B67D03F9361086355EE3AE29C4E9FC564C947AAE2289C1374B18B2D7667D6C25E8A579CE5EE480FB37064CFC32D83C45D9B0D259F772E6FC57FA4BB6C5490CBFFDB67C4CE8F9E6D0F048605F17BE587E02A8AA8ECCB5CCE54715A3F86A4784AB243BBD967D2664B0E9F0ECF3204866
298,DE,272,0F0071FA4358D94A0DA4A6E0E261B96945D8033312F681F4788E9460047EB2E328EC919066BC7503EF0A368D8AAB686E2A99904815C8B6A8CE7E2CECDFC78EA9BD12BF719A295B20E486736EED7EF8EA66CB29264362C6345FC1FB5739E1BDA8B2A0681727927483293222140CAA3803A9329A6389B529D869B5FB9BEED9ED36E4F042C6
299,EE,44,0103020C008C000800040000800B00000238
300,DE,272,0B8013EA97012DD54D6179F39F783879BB06565A138F5F0C48A72294560B7B3D2B3458E476F488F416B5C368DF8A0A23ABE8BEFD16100A40DE3E14873070274CBF6029069B0084FA5AAC30F6C80A5923FB8F3E1A6527EBCA5BC50F5DBFA564CA4C87FE4735FA8BA5FF7BB5CCD154E14C096CB86C370A38E4B664DE43EF29BEEEE5213DA9
301,DE,272,0C00AF727DB6A8DFB82E77F4EB81BEFCED0F8F73EEEE8884D2AEEF04FC6EE20F28C4F5FCF249ABFB1F0202E2822B1B02B66CA93C0580BD5813C2C599208EE714BDB2D41A42DC5B20CC87A3EEECD6BB7D95CA88FB616D3FC44411FCD63EE6F4888FE545F2259D7BB2266D2A681CEF34E620D2C77FAD055471F60B1B2112A628E3983C45C4
302,DE,272,0C8051B0BF07C00AAA0201AB1F866CFEBC9FED63E2777041FD3E32DD04DE158882193AF45EBC707BCF4C7EE64A5E68FB2A7AD0D4CA3883E00ECCED2D9FD32687BB472BCA90C1847118D3B30D01E4D266217D081A7E270B7BF614879AC9A5CDCE5F7FB374FA42575AF63C5C3431AE1DCB68BA644426ADC59AD6B2DE7312A639E3D900412E
303,DE,272,0D0052F5EABDD002416956B69CC426F96068502232B088041F70EF04C421C207D41360F14BCC7425E7EA6FA3A2FE65EE2A3B9D885D804B5FB4839E6C297DD773AD33D93645D944DF887705162CA5FB4B691566D6CB350B7B6C16FD66CAE063757177BF581846777222741A890DAAE6059465732B74F51D6BB6C5DCBBEF8103E9EA9F3F75
304,DE,272,0D80DEB758B9C824C4A0F223E0A144E9C86FAC7C11495F0CF0C9D5850450ED9F00FDE5769B4371FA871682E18DA67EEE22BFE10F48600A40BE3E14872171668062E2F3E89AA981F05B5E8EFEED1605CCC5826727616DA78BA21EC979E9EFB99F4727FE4724FA88A5367EEA812EA5B1BE681A62BCA8DC8485B70D2564B2EEFD3F38D8461A
305,DE,272,0E00820579B6CBDD9B21861CEB0144E9B96FAF7C784E0041A776B0F904FEEC572B3558E467F48AF471B58030555B0CF5D466112BCA3843BEC60E5598DE8F19C251A0F415C22404A119A732C610A15D85B6C58100BE1DF0A45D38067196A80B7FE0E8BD582005A8AAF6C296C357E3DC1B9465C42AAB0D6C3EF44D232631A9E31BE7A83F98
306,DE,272,0E80A62A84916DCAB5995AFC64CFFB2067D7FC8D1806C80F78A6332DB99E1B3FD41399B2B94C10052B72823D8972B51ADBD1E823667EB78DE03837885BB9EDC502E5F4151A278450D8893AC3EC78F3EA681B081A1BD7F35F5CCCF1760CE8F5684F717BD725BC9D87DA337AC9F1791F5B60625469CF118D984C222240D629FFEE98204118
307,DE,272,0F00967258B994249B21E21DEA19F881B8A7907E92865F0C4098387CDB8ED269206458E497F47EF38AB182118AA3F4051F2FE823267E4B5FFFC008C50037BA31BD9222C598FB782F71713DABE487FB19B6C56D10BFB5E77C1C16F2767DECFB35407F417FD94D6DAC28795A147CA51DBB10B2EA6CAA0D3F4F69B53F86E3A0FD1EEDD0414B
308,EE,44,0103020C0090000800040000800B0000023C
309,DE,272,0B80ECF887EB0FDA94CCA42BF381DCFEB807525AEE01820A7633CC0BF08BE4C2285162BCB94C8000EF828357828A0A28D666E0293420B079CE5CF936D789F6C5CFE4211D8DDA9C3878A631CD10A11DC67ADDC5F7B697E53E8311709336BFFF785CAD438D25137572363437CAF1751F6A9465B369AAEDC59A70B0DC23EEEC7FAB38D8458E
310,DE,272,0C00360187C9D80A560879F3BB7403F6B2D462A311273254847967000196EA5DF71CAD1976F264F337F488E169590A4F23B91604E9370555CCC33788BFCCE64F30E22BEDAA09820869A737C6DE7EF9EB95CAC1FBBC28F6CA8311F483CCE0C472D2AF43AF1792758317E4E7CCF15D1D9BE56A6694ABA7E6954659D9B3FEA152E0E70844D3
311,DE,272,0C80ACD37BB65ADF46645AFC9F8CFBBC389A8F73B2F2807C7FA6332CB99EEB3FD41399B176447DFE52E283518053AA482A249364AC88B720CF38E259DD151AC2D0E7010D45D9C4FC0AF7303CEE8607CC0CC047E6B4BCF05D5DCBF8A73E51E578ADAA495FA2406FB204ED68EF0DAA4B467B72C765A10F2BDF69B5AF87EEF9F5EE64D946D6
312,DE,272,0D00AF2087E8C06454296BF6E359FBD044D8147613167C034E73374C04CBEACAAB547844663C7D2BEDD07EE6BD5E064F224014F6CA388BBCDE38F8809131ECC5E4E025508A098603A4781BEBE2EBFD19B6C56912BE3DFD7C0B10F82CE9EFE19C4D77535F1F44777A241596C3E6A0130694656E69A5B00B43864DFB92EE71E0AB616C4085
313,DE,272,0D808E8A8607DD0B46035AFCE48CC2E1B0FE50A9CD0E60E768C8200C1A88E08F011ED4EC7A9D76D813FD7AEDA6431ADB284BE823E63C90486E8FE572CD7D39CD05092B4590D1A42158AF32F6AC4A3B8948B5683F36D7FD565C40B9DA97E6C58A457DB07C05938682DA33B2C8FDBD1D11B76AE387A92D299D46B0DBBBEC8003E92ADC4344
314,DE,272,0E00AFE27BB66FDE4069B6B663C49B49B8A758A3152780D6A1C720BA1486378222140DF564097D2BEDDA7EE63D5F0A4F71D914AE9838B7A8FF56ECA0EDE7E4E541ED8711989C84F8D5773216ECFC30726B1D75F67C68F7A45E380471A9EBF735B3A0D2532707F7E76A8C6ABCF9751A6A68B0A4DDBB4B299D06B0D16355A8FDA3EE08451C
315,DE,272,0E80ACD27BB65ADE46643843A309FA29BAFFAC7C910A824939C63086898EEA7FD7CCE7DD9A430EFFEDB7B3398E733DDA2841E823663CB515CF5CE8D96D871CC2CAE32BCD17D985D858259E5FEE76EBCBEDC0652EBC440B7B3D15FA3BCAE0A6744DEA71AF25BAF7E70A8C6ABCF8751E6BD57A66D457FA6BD1B9BF1BB312A6F0E2E8D2486C
316,DE,272,0F004E227BB6DBDEB82EA6F09D3929F98E3F717B9297400C4E9E200C7D8D579729A419FB560864B6F34282998D8B0B2897790494E9378514CE5AE990BBD30287B736273F95D380985C647717ECBD7A3B6B441F4FBEFDFE7CAF16F8AED8C6FFA44C86FE4735FA8BA53F780C7CB1251F936D4264BCA8DD8485A60D2764E1EDF0EC2F104059
317,EE,44,0103020C0094000800040000800B00000240
318,DE,272,0B80AAE9C340D0C9C5D926635E99E941B86850AF12D650F6788E6CFC0456B25428C41DB902FC768BEC2084CAFDEB098A7CB8160554B8E381CFAEE9502D72E614CE51328D1B5987F2495E3850A57DF8EAD4D594464162703718C2FA578BFF04C80EB20684266BCABAD78495C35DE619916F432EBDAEDCFB15F867D94253B90E5ED2C544BF
319,DE,272,0C000FF3C642B26857A97DB9F95AF8DAA20C43FB018EDCF46CFE3F0E30530ECD4EB9B94778C4101F0BB8E64CBEBA52BF06E10AAC1A32E38FC9952E774837E6F53FE22B2D26D084D7455FBF53F9876CC368FDF5FEBD7503C953386F7E34D765704BB7B7EA2C6BE0AA2504FACCF4BDE9FE6B431FFC16E5CB2DB60AAD8FF02109AC039243C1
320,DE,272,0C8008405292D00658A9A52FCF01E579B7DDF89E171D44F116F6268C0458F8AFA6A6EEDDC8CCB37B514885C064DB0F8B94D317057DA80A403C3EE837BBD3FA4559A828C179F284F8AA32DF3AEC76BBE1683515DCBF9D57565DE1285C371F52B84F77AB83259A277526E4EA35F1559BBB68B2C394AB2D3D4CB645C393EE717331E700425E
321,DE,272,0D000E008741880E44F9A618E351DD20B8272C8B12D6FEF478AED0B304566A7D28EC250C66945822EF02D2218A8320D32A9918F515C8EBA8CE5EFA7BDFC7B81EBD3A5DED9A01A0D858CF5516EC76A73B6B7D3B06BEB5DBBC5CC92423371F94A34F772384259A7F8827CCDE92F0557F9068B22732AA0569CBB745BEB8EE71CFB8E6283FE8
322,DE,272,0D800AA78649D3F845D1FE20E351E931B80FD18B12D624C478AE95CC0456BD366EADE50C66B4364FAA25C045B98D38F22A91568026EE87A8CE7EBC18BAEF8250CB734888BA56EDB434AF5275983F8D5E05444562D7E694E332879DE54236FF884F5714CE4CCE1E3C41E40C5B837D2EE844B203FDD86E5603D828B8E7CE25977BC74441DD
323,DE,272,0E00CB74EE22B50222ABC966C3019676DD5D7CAB7398E4D40CE65592240685084D96C5630894006B8A2AE674FCCA6B970AF073B57CAE99A2CE7EE8369D8EDBA7BD122BABCA60ED4A58873316EC56E05B69356504BC97F38D59EBFF873E15F5884F5743AF25BA775226C46035F15D1DBB63916794AB0D376CB64DD491FF52FF1EE7204138
324,DE,272,0E80AE029342D02244D9E75EAA354091B82711DE46B99B94788672A849324FE828ECA7592FF06192EF02C144C3E783632A99509824F14227CE76AC25968B0DA4BD126EBBDF6F774958877555BC176EA969352345EAC7361E5CE1B5C07556141A4F5F13FD6AF392DE26CC3A66BE13B235689A37C6FF5F220DB64588C4A9011E90E7283DEA
325,DE,272,0F00FB41D41EF1AF44D1F358A6231690B82706CA46B8C17A788666B9562573F128ECB34034F08D91EF02D84BBA92A5612A994E8E25F2063BCE76B22AEFFC53A6BD122BED9A219FB858870337EC5EF83B693DDC95BE9DCBAD5CE1FA863617EA1C4F5F038E25B2755226C417A0F1554D9A689A6694AB0D36F8B645C7B2EE59FB1EE720421E
326,EE,44,0103020C0098000800040000800B00000244
327,DE,272,0B8081978749940344D1A50BE3716494B82744AA12FE87F4788ECD69047EDE5E28ECE70C66B4FF95EF02BA308AAB0AF22A91F14215C8FF89CE76EB70DFCF83A2BD126AB9D321C58C1CC63316EC56AD6F203D3554F1DCF78C5CE9BFE3587287E9235715C844CE125226C42E5B842972C945DB2294AB0D7424F57CEAA2DE71A92CC9134348
328,DE,272,0C008033B3419D6B07E8973BD051AF33961C7EBA26F6CDBD3BBF01A45C56BC4D06D7CB3D52B4394AAC3BB320BA837EC004A23AE521C0DEEBAF0CB802B0EF9007932905DCAE21C0B72DFB5C64C11FBE7F0C4B0C65DBA5C5AC0ADBD6B51826C1884F57331AA90A767324E47BC4FEA31C9A28646A94BAFD7C92B76CD3D5FFA140E138D840C9
329,DE,272,0C80EA488661B0434471B7FBA58EF82115D7508B11D60D0C7A8E28DC898EE97F284DC54A774435FCED2AE270275B08F229B1992C17C0AF884386EB70DF66C673ACEA1812DA012920588F303661AEF93B791DE8FEBD952874ACA0F82F1651E4786BA84307344A6EAD69306A445CA51DBB6BB2EA6CA90D3D4D3BB5D893EEF8DF58F6D0404F
330,DE,272,0D00BDFD87B11ADB9B2182463C8939189869417BA4095F0CC0D7EF04BC6FC23939144AF3B94CC06ADF4C93E1575C095A3B618A2B2AE01A50CA7EE8507237E035BF8AA6159621857168C922E600AB9B1BC4C57506BEB5F21CF111EA863E3758705557438F88426F5221546E9DC11BE54C60686FB59B4BC19A0FB7DF3ADE1707E9DFDA3D36
331,DE,272,0D80A623B70728D5FC23A62AD33701F619D51F7F92848FD548C8C80B948CEB5E6710E56C7744D9FD30F2BE7CBAE51902B16E157C0430EB57F15E4588DBCFE61510E22DEDD6D3D4E8F5773B16EC7656C3633DE8FEB295F6256CAFE97692EAF1A8E2AF63AF279ADAAA04C46B145CA539BB68B2CA6C8D0D314D1BB5F393E6F8CF581FD74699
332,DE,272,0E0089F8E760E064BC2EFBF1E750C94740D82B7192D7B0B28079B0060B84CA7E08A2F4FC484B7BF1AF0BAA579B53210D2BB0249204302F55C2CE98CDDFCFD219BC5A07C79A0184D8588F1316EC56FB3B693DE506BE95F78D5CE9F8863617D5884F5743AF25BA775226C45218F01DEF9168B26794AB0D196DB64DDB93EE517F1EE7204176
333,DE,272,0E80AE038741D02244D9860BE371F901B82F508B12F6904078AC391C1452EB873AA4B97C7197201B6BF24421CAA35AEE22BB1C0E142BF5ABCA7807A5D7EBE7CDAF5A779D74C6946428C8C3A2CC75E84B3A4D4A253C6D31BC5CCAF9666D0B2E3AC4155A7539E677772C247A13462DEACB6D79A4921D152E4A30B51CE38A519202EF0D3BC2
334,DE,272,0F0045D89940D6C901DF1013C47715D4B008E7FBE5866B136A6533EC04576B0FE994E7E7A5B5B332A82888618A810A8368E053F45DB04714BE39F8C400377A22BC38A16F90A9CB2EA6FC2956E6D6B4CD9F4F6F84616DC7A67CCAEBE679E3F5FB5C37C8266A4888360584E1B5623446B33392F4F578676265ED4D08F131A9C324FB5843A9
335,EE,44,0103020C009C000800040000800B00000248
336,DE,272,0B802285DC390FDA7093858BA0712A60A84C8F733ECC9874388EEF044C4CF2FFA06DA5F876D4FC827F63C2E18BA39893FAFB542414C067CAC6F2A884579FEEB1B5926B1D9B218C588777431AEC3EFA1368EC7D263617F6ACD46BE83A4650E53C90AFBBB92498FDD02C4C25C20F2E07FB621228625D7F33EF69B557BACE72EC7EA8D44484
337,DE,272,0C00AE7194215BAB0B2B596FC03172802B460B8349F61395ABE46BF45F76391DF71C7D357ACCF884B4725DE91AEA2B726991C7B505A368504647F0F05746A6C1AD7AA36C0A48C428598FA3773C3CBBCB683DB564B619B778D4B9F00226AB85CF5FE29C5771F35614D9337FCBF5AC0DBB68B36614EC2DBD95784DCB2E31A9A318E6A8400A
338,DE,272,0C80EFF28640D1A29B211610EA19F828B9FE48AA937481D5F90C40BBDB8ED6792968ABFA99D66543EE8E83300B21097A6567EAA60480B6284FF7A78220ADF7753C9BF415F22885B011877A16ED36BA5220352C06FFF487CB8311F48C3736740A4EDF0C59DBC866122744EBBDBEABE2A979D2E61574F5B976BC25899BBC51F57EAD49434B
339,DE,272,0D00FC0AD5419A430B2F5E7AE2F3894695C6A8C4CD0E54FD78F6360C4B8B3587E4BDE12C4EC4ABFBFF705DE99A190802AC6CCB2C195A68504E16DA366637E62562E22FE765D645268777AF9F54AEFB3B29CD6406166DF78C5DC9507E2217CDE00F5D435F24B07672F93C8A2DF9DDC243B49B67EC2B0A38B8B26D1073D6397F1BC2F53F30
340,DE,272,0D8014F3874ED2F345F90EF3F771B6F1B925E87336F6E1DC525DEF0410FCEA5F801CE50CDF4C74032F0A420D0A11F705EE6F5B20958068503267E010DFEF39CD4503239D45D9784F8777C7BFF6B641CA683267D7BFB55F7448E9B776361D2A70AF5E43D765BC74879E3C4E34BD7568696362416C74F5BD67B635DB95958549F9ECD041FE
341,DE,272,0E00B0FA3EB9D0229E21A61B6B33FAD162D7508BBB0E80F4C37630FC145E05A4108C6509656177239BEA89E1835BB10A2A91CE2C15D03FEAC6AE3288DFCF4FCDBD1A93159A21C4C4F077331657AEFB3B651564DCBEB1E76CB85BF8AA3AC64D704F57555735BA7F7A2015525C71581E6F9765736BA9293D8DB769626BEE51FF3634F13F05
342,DE,272,0E80AC2EC490D0069B215262C337C97167D7A0029A0E80F4377AB0853C1EDA0728CCEDDC46F2447377F28211758B0A226A8D9C2C15C0BD580D814181DEC6F9CF34E3921C9A2E6D09C0773316E97EF2E14145251896E5373E5CC1FB57C9E02B764A77544F6A4EB73B2C34C0CB2EA591B268EA6792A8D8C69A67B3DAB3E4B156EFE6294172
343,DE,272,0F00B1F80EB869D344D64BDAEC9606F67DD150ABAF1E727B6EB7F94E025FE1ADA9FB2CBE619D75D1EE2AF256849BC8402DB9150615E0C7EFDD5E9837F2261E7662E26FA445D9788F7007526EEDBD3B3D6BDD62F6F46E81908311A08E369F433AC915C35FB93AA8AA06CD6ABC71449D096983677F7A6C707C16A69A836EE320E6EB0942E0
344,EE,44,0103020C00A0000800040000800B0000024C
345,DE,272,0B802F1A16B91632C48559FC268E74F9B82FCD7312F693DC795F23DC8696EA5FF71C15146ED4ABFB0372BA69175B08E26B7B54D42DB068502EF67088DFDF2C3CF41AA3159A3184F2505FF311E28224C3A535657EF6D57F745CE9FF66F610F05D90AFFFA725C23F12AE3C6A3491251A936B48606405F4C29AADB1BBEBAE4D9F6E2792418A
346,DE,272,0C00A62A209AD0029B213E13EB01D189F833780BCD0E10EC70F6700C1476E20FF71CC91B6CCC76F3140403E98A43D70A32B6075C89860B598B71EBAB913FE23B3CE22B0D0BD98438567FCD186DAEFBDBF1C56586616DA314C511F816FE52F65801A742A1A44277B219BC634CB85A186FB76A5B8CA7F5381DEF51CA1331A9CB06E8503C10
347,DE,272,0C80AE23E6310FDA68C1AF83C15806F5D880508D132391D47C6E30DC0696E08FE71AF52CDB5C8680C2E372560813D70A269614BCB838B7A81186E0756237E625BF92BAAF9AD118588777C301E0DE24C3851A7186036DF7AC5E69E8C0F6E6D588CFE5E3ED2660576223DFC786F0BD18A0C520B86C176B09E59E55EB13C648F79E6792448D
348,DE,272,0D008E2A8692F01A4C5979F36706C16908DAD0D41324C0E840EEEF04A0F1528728E4E5240F65ABFB8B0DA34DA8BB9A0AECB18596131368504269E21820E5E7E7EF06218DD5D184D15F6F570A48E4DB1768E6453A1A27FE7D5DE0E77CBFEE3FCEE512057504E66D6BEF76671DC78F3CA3F96AA1848134F0DFA264F44131A9B319E7584289
349,DE,272,0D80EE1E58B998354CA9A0FB2A8FF92167D7E09E1A768704507431DCAC8EEA7F48F83AF482A27C836FB8A2398B7028CA2211B13F1CC0F7B6FEFEE85000372E23F56A138D45D984CF50EF39E7ED56537968EC7526FD754A64AFAE5760174BD3A1FC84438F153A477B271F7814C6BD0C9B5D7267B49B8D284D87AD667B1D1662F838D8406F
350,DE,272,0E001A0458B96C344D51A622C2A126F978395AF3D00500F778A5307411A7C8573437F22CB94C1C3530F21257AE2BEBEAA969D2D45730B3A8C60E3788ABAAD6BDFD061B6D27C9779F2069703EEA8DE81B6CDD658EFDBDF6574DC9F86626374860B9D09C57A5AE7DDA64346B36FBDD1C99E210ED1DE4FBC67EAC0D51122C1B6C77BC283F7A
351,DE,272,0E80F502142003481FD1FD0B3013B6F7405C5B0932D59394377A308F17163A1E388722477E34E46AAFFA83111AC2D8986A6115D4C5A23F218E8A2810574EE41535985BAA9A2184D459CF331EED165F9669355506BCD527215CE1F8823657D861B718BC589B4077A2483EB5CC19581DC3B76A8F81A275706AB499046B0E547F6618D73804
352,DE,272,0F0000FE87610FDAF8CCAE6B3C897D14B04F54CDCD0E24E1700EEF049062E2FFF71C55594ECC74F3140AAA61555B7097AAB124A4EAE06850AE6BE0000037EA41BC3A136D45D98C5CC0773316ECA6003BE1C56506F165E6858311D823E9EF293B45A72D52BF42775226C269E10EAAA94769B28A7433F5396D374AF94631A99B0BEE583E4C
353,EE,44,0103020C00A4000800040000800B00000250
354,DE,272,0B80A70584952FD5E325A12B0391F92067D768AE03865F0C58AB217CDB8EFE5B3964CC7467448F02C67A0230BBD3F7D3F569FCF004B0B689F7FEE88026CF6ECDBD1AF0159A2104DD4B5B333AD886B4CF697DBAFE5E86FFEC5CC9277E3E02FDF890AF23BC2D3AA8AAFED062B4BEAD0DB24A7267B88BDC339D95B0006BEE517F1BE1F5454D
355,DE,272,0C008E2278B6FDDD9F21A60B6374FED522D7508B12F08320E07630FC847100AAF71C810866957573AE7A8335555B98F12AF9CB2C91D4BF28778FF87F931E19C28EE4AAAB23D096D74D5EECEE9855FB43293B6BD3616D7B885C91F88135C30A7F74AB468F515AA8AAA6C091C3D2A7E64C65682864BA04809CA542D3425F19FF96E7084325
356,DE,272,0C80ACD2B739D024760CE9FBF27840F0A920815A3A8E8004838E188C8456DA0FD7C43AF492A77C73EE2ABA91125B08F22A61EFD49D38B7A81186E474DFA7F31DBFC89B18E05E830158AFECEE1445F35BB6C5A515B6F5F3CAE518F88949E3B52790AFBBAC25C2F6552A11AA33E289375BF06A6794EBFD386D3EB5DB9311A613E5E7004678
357,DE,272,0D008BE21FB9D02284DEBADF3C895902F857508C05228004EA7739DCFB81B584F71C710F663C5B2B15D17DE62D588CBA2A19CB2C45D3BFD8CF9EE2805E33797DBD722BC563F07B2FF174CCE129ADFB1BD4D59789616D7F8F3DC8F9F65C36B4F890AF37BC2CC2F62226E41A7371E8C243149166B5AA6D3B4CB72D246461AA00E94CDB4264
358,DE,272,0D80AE2285FCD4224699CD423A3BEB7928C552841A9E892438883C294456221FFDACE574B3FD7C73EF2AF256CAA50A266AB19CB4E127B788BE39E859DFEFA631BD5A05DD9A01946D95C7336EEE7EF8EA6B1965F66A6CF56C5CCD077174EED5CEF2BF53EFF45D476226E4EA8135151DC36BBA654E16E5382D53AAE1DBFFA18BE75AC84533
359,DE,272,0E00AF4296B1F099C46C1E43E250F861BA0E51EB12D67F03C071CF0B3B8D1588731FE5FCA74E74F332F08231881E14F228D12C61EA372D575E33C008DFC9E7E0BC3A195090D17823F4C7336EEC7E0FEA5671457E7E93F658A31E84791E6FB58E4982DCE724C236A266C56B44F17D2F06E7DA66B5AA7C394CF73CD9B3DF18F79E1DD7421F
360,DE,272,0E8092FA180CF8524229FEF7CB09F92990FEAA7C5B0EA8847E7E60002C0EEA5708357D4466CCEC4AF62283CA82D3091233B11CA435B8F7AECFAAF150D7BFEE4D47EDCA17B251159152F731E61B54F14B6FCD51FA96EDF7A45838E1A68BFFC7C8B5A0FC161707777E2784E604F17D96BB68B29F21B8411EE5A200B7DDC7D97743AE3C44A9
361,DE,272,0F00878280B175DB4E293CF09C6F46B3B800A35A73BE808CF87ECFFC2DFE622A086CE5114634204BEF7282E10AA240ECAAD0D497D5CF4515CE7EE078DE8FC231BD5A73ED9A0105CB58AF5316EC768A3B691D15B341B5A7C5549999A6575BD4F08651427B7BF2772A4C8943BCA11395EE218E4E14ACFD5494DC6DFAEB2757FECAB0684395
362,EE,44,0103020C00A8000800040000800B00000254
363,DE,272,0B80EE7AAEC958770DC58F8BE48198F8E96750F3338E49F2795A60B4840EC3F7A0B1AC104F3473F3BBF33FF9FAE3A8152A9120E415E0A3B8CF3E6770DFEFD235BF5A5EED9A01D79059F7705EBF1CE9433B3A7DD37F66B79E5CC3FAFE35C7B7784D5541DF275A75A2DBC6684430AE1DAA68BB66ECA8DD789DB74CDAE39E16FEEE192148CE
364,DE,272,0C00AF72F70611D184DBA621E109FAD1FADF5289108682147A7ECDFE06062B8CA8E5E52567CC77D3AEFA83108BD378B52B61EAD514B0C7EFCE7E4871DFEF6680B0522A85D329CDD859EF727FA55EB23B285C574FB41DB87AA3FAE2C63C97FA7A8B56525F2B4278A0CEC5477C4CB519FB7962602CAB0D256DB40DAD93EE71771EE70043DB
365,DE,272,0C8027028761F41244F99A3BE351D52BB80F70BB12D626F478AEB0FC0456B94F28C44E0C66940C03EF2AD6218A8388E12AB164D415E09384CF3EDA40DFEFD005BD3A11DD9A0198E858AFA516EC766E3B691D2506BEB539A05CC98A8636371DA74F77C5AF259AE75226E43214F15509B769D2B6B8AB2DF641B66D7E93EE715B1EE7003F25
366,DE,272,0D000D328761442244F9023BE3517E01B80F308B12D6B4F478AE43FC0456E65329A4D50C64F43807EF4A82388A8318F22A9114D415C0B7A8CE7E6870DFCFE634BD1A2BED9A2184D8588F3306EC56FB3B693D4902BED531A55CC9E8863617F5884F5743AF25BAF75226C46A35F15D1DBB68926794AB0D397DB64DDB93EE518FAB6B903DE2
367,DE,272,0D80AF238561C0D2C524A72AA387F401A8DFE77513D788B2687E0103DB8EB63529C4856D661C64F357F48331275B08F229B1992C17C0AF884386EB70DF66C673ADEA9813DA012920588F303661AEF93B791DE8FEBD95287478A3F82F1651E578EBA94307354AEEAC6930EA445CA51DBB6BB2EA6CA90D714D3BB5D893EEF8DF58F7D0428D
368,DE,272,0E003DFC58B92C6B9B215A12C337E9F180D08F73E6AF5F0C8C9718BA1486DB80F71C156556F264F3B0F583B99A53280D15B1B92C11C0B7886386EE7018EF4BCDB51A2BCD37D98ED8D5773F16EDFFCB7D79CD0CFBCEB55A744CE9F8A69BEFE188E2AF51AFED9ADAAA30C462145CA507BB68B2CA6CB30D3EFDB2E4EBD519A67EE7EF01475E
369,DE,272,0E809E4470B6E2D844F8964D1486DBFBB90E1F7F129690044C70EF044C1ADA393814C7F3671C64F30CF4BD31275B0CF22AB1B92C13C0FB5A9E4E4588D7CFE61510E221ED17D988D859260350FCA6D0C6691D6D96BFB55A7478E9F8A69BEFD3884777EE570DBA7FFB16829DC343A44D9A58D4906343F43D4C860B2C64E8AB7F3FD76641CC
370,DE,272,0F0059F58CBBDFD058D88E4DF38140FFB7DD108A32B09004CC7031DD3430FA8F0B19E9BC16094C2FEE4A7A3C8A8308F22A9125D415C0B7A8CE7E6870DFCFE634BD1A2BE99A21A4D8588F3316EC56FB3B693D512ABFD5ADA25CC9F8863617C4884F5743AF25BAF75226C46A35F15D1DBF68924794AB0D396DB64DDB93EE5120E65F3C410C
371,EE,44,0103020C00AC000800040000800B00000258
372,DE,272,0B80AF2A8F29D7F30429860BEB11B168F8DF708B5A97F0B3587E10FC0C16A2160814C50C2ED5044430F2EA198B2F4704D5F305941444B6894FFCE9F890391847AC5A2A6D1BA8CB2AA7ED22566DD724C30131646EF79DBE8C5D89B9EF7F1FBC880E3633E8FA427759274C2BC4F05C1C3B69B3E6162A84769B495FCAD36FD020E6DF3C3D46
373,DE,272,0C00E46BD54982220EB8AC63B179AB01B24F1F7DEA87817608C90849DB8E1E3829C5448E473C3BF511789351AB234704DCE03556CA38A3F3EE5FC110903BE644947A8A64D5D37BBA49CF9297453FB233203DCC6757FFBE8415E911E4E9EF059245DFE1289442154287418255D93EC243A4896F14AA2DC69A34B27B1AAEA5EF7E47A13EB8
374,DE,272,0C80066BC7B1D122ECB84E61A381F801504D700752020084580A10744486EB7F0864ED2CC63675234F88B3AC9A178BE325674496273894E8C2FEEA9B5CCCBDBDB69BA8FD99D188DBC4D57F96774EA0B322BC65F6B2966BD6D069639E6D9F7E094FA740AF17425762ED4468DF715D5D33A0137728DB4A49D9A5C5DBB7FEB1CEE6F37043A7
375,DE,272,0D008EFA9411D1C900DC8B82E39ABA071ED732DB49EA1B4649A5302F04558E632CC809D7753404BF9F4D92A5802BC0D10A6906E4D2E3B7438C7A4C88BDFFB4292FA81AC79AF284FA90AC13EEFE663C1869D627061E6D95BC0CF57834073FF55B4F774B2F350607150B2D927B2EA5C9B168EA626488F03D4D69B51789E62120E62F4A3C02
376,DE,272,0D8071FA4FDB0FDA8C63A6FBD88C26F97C6550AB327681D4A77684E50CF6225F891C870C6794ABFB5F108A91555BB8A82AB13C54CA381BB21186447A9FB719C2C8E50B65DA3DA4588777A33C33AE6F21B6C5190F416278738311F4FF0E9FB5784E577B2F249ACFD016AC6A3EF1AD1CB3B76A1F9EAB75B96AB798DFB307B1CF7627254004
377,DE,272,0E009DD63FB0D12D4508A72B5BF3B6F1B827E807520431B5F0CC0A2F35561588D41AAAF8E6F4ABFBAB108A71CAE5D70A6A8B1CA4CA38BFD21186D4FAE7473ECDBD0AA3AF9FF15C20588F0B96C4DEBB2741BDDCFEBE9593A4AC32B776371DC5E08F520D7BDA4DD7AC25E4D8D449AC1DB4694366B4138F769DB745046B1258FF66A726437F
378,DE,272,0E80A8D73FCD91D05D882E49E2A2FC2127CF597BC7095F0C9C87308404704DAA29C473EC4E3CABFB5F138B99315B08D209198E965D10868AC68EC58BD8E7F8EE62E28BF445D924D17A07230EAC2E04CC84C3458EFE89D70C831178AFE9EF719190AF2FA7DA4D70AD9D3C6A34D0D595F96D43B86CCF14E695E2452464F8AEF6EE78DF4445
379,DE,272,0F00968A5FB9D032CC9BAADB3B89F90180AF780352EAA874F83C01D405A5EA5F0064AAFC66BECDFBEF0AA2396D78B2032A9EA3055A30B6A2FE1628756D1A19C28EE4641D982B8538D0CDEBC756A7F93455ECBAFE92DCF7AC7C99277E1E4EDDF800A3C3D815D2572A26EC6CE4F17D3DCB40EA98BCAADD79719E3DD2638FAE8000589244C2
380,EE,44,0103020C00B0000800040000800B0000025C
381,DE,272,0B80AE2D6990F85A41F1ABD13C894109B8571095CD0E30EC70FEF04E045EE9AED713E7F2639460E3A0FE42768353400DF569D8DC15B8B7AECDAB17872A32E715BAFA54F3259384F7A85EEDF013A117C6691DD8EE4C1ACF398311C0C23736540A6EDF0C59DBC86612074425C2072C3C39B76A3FC38B2C100DF9B9DBE2C7315E97A8D2418A
382,DE,272,0C005160960171A3EDB0EF03AA715060514519835BF66996A77604EB0EFE48F8991C871CC7319C62C76982317554AF0F8A18542005A01729CE5E17877F324E5CFDEA2AED32406CB2187F32160434CA86B6C55D0EBF19B678DC98F902379FB4784E56422F2D9BF6D027E5EBB6811A250EB76ABB82AA2F33EDB7BCB991AE72EC9E63313C29
383,DE,272,0C80A1F4FB42E3DA6089EB8BE09A7D05DCA7040B96E68404748AD5A689F60E674C6C718C664478070A504F916EBB6C7AFE11142416C08450EE3EE4F1DC246635FD923B6C5201CC599FAF6397EA7604CCEBC265268C28577D3DEBF9AFA4A5F2590C7D4E7C0682F7E018EC69E7E27D6DFC2BB86646AA2D492A95755B21D0790ACCE700419D
384,DE,272,0D00DE45BFF40FDA989C8783A281F80099AF51AAB374217D3778CFEE15364BFEF71CCD5A8FDE3D0BA60A6B7323CA41FA6391BDB55A364FD9EFFCA784DFBECF559D3B028DB2426CB98777C700E4D6FA1B96CA70FB56FFB77C5DE910E49E7EB5784E57EBCE853337A6E6A4CAB5F57DBD39592F1F2074F5216AB625766BEE5120E65B264545
385,DE,272,0D8013FA8751D2AAD59B84DB5E89F911B9AF58CDD207B1F4F83CEF04F060E1F7B0A6E6D65784B0194BB883F14EB9AC40F569F0F2054897B0DEFE0A68D54F74878C302A3EAB1B8E588777E3006CE48F8757DDBAFE7EB3E7045FC1D95DE9EF35BE532F9C5799ECB3A1A6C56A1DE38CC243C084B86C376B0FE587B5CDF34D67D29649624A11
386,DE,272,0E00BBD8C3B1D42658A9E617F3F179B3CC934D6B3A7E30015BF139211756E29F29CCEDDDB94C0805EF8232E4A9DC052E3AB1666865876850DE78E8181FCA11E062E24BEB9AA9342D7BF0C2CBFE760BDC44D49449B2D3F5A47038980E96E65189C6E50F8612687773923C0E14E1479D099765566BAA4B2A44B6BD6C1331A9D7887ED8416C
387,DE,272,0E80AE12C7AB9122CD21A60B3C89E557D05710977A865F0C6C883084446A358738F2ED7C634448FDEF2A5DE92EB600722C618F2DCA382BCD11861825EF478F4DF4122A061A2103C48777EF8333AE139EB6C58DB3B175E5ACD009617E3607B5620E57CA5725BA1F2A66D80244F7AD2C439265F96ED4118495B64D6421691389CCD6003A36
388,DE,272,0F0039F977B1E1034522B673FC8B71F9B90E64730AF67F03A67031BA175F8EAFB11CE51C265E350366F28211BE5B10F289A1BE2C15C0B158C2861287A6358E4DFD06439D5A938CF01854333633AE8B2E614D558EFE89C70CC711F88676E7E588C4AF43AFFA4273472EBC6AC40A5D15CBB76A83B0B885A52BF7BFFE9D1A14FDC5A7D04047
389,EE,44,0103020C00B4000800040000800B00000260
390,DE,272,0B80AA028F3149DA44D9AF73AA76FCD567D7849F1E0E81F42192217CDB8ECE6A2094E3FC304F7423877A38E98AA3D70ADA851D5C9D82B07A5586E870DFC9E7E0AC3A3C0D9A0191385E7F3CEFEC77FFD0213DD5FEDC95C37444C9789CB6A50A7F35A942E9369308A65E6B7914F3BD144B4F6F77B416E5CBE2B64DDB9FEF11FF16E66044C5
391,DE,272,0C00B2028501409F44D1960BE13145BCB827508F12B6AD1D80C1CF0BB48C1588FA1DAAFC66BE244530F2EA058223D70A4E851C54CA38DFECEE06E88024CFC64562E253B91A01ACA8A7AFECEE9442F34B681DBAFEBE81FF0C1C1BDB96E9EFAD9C47D79C5721DE472A26349134C12DC24370E65F1CE4FBC71CBE0DE313A2A3AF2E5FA540D4
392,DE,272,0C80968AC7B1D1227C59A72B5BF3418DB8BF1F7B03FE5F0C9C1DEF04A8C5E38FE7187CF466B47405ECDF7DE6115809D22C7024AC94C79A7D1186F864D6B7EF32BECED41A15DA83F8A26F333733AE1B18784D65F64395C7FC05AFF1EEFF12F45C00A743A5259BA8AA8EE77BB42EA5B598791246ECAAFDC26C973D5BB2C721003F38D843F9
393,DE,272,0D006A219631D1039B21EA28F2F1F9F1432F60FBAA7A5B0C789EF9F92FA2EAEF9215E50370657DF364F659E98AA3C8F72C4525F4EA3751551586E8701FCAE0E024E22BED9A27860C68F7B3110783B4CB683725E6616DCF8F5C81C9AE0DC72E704F5783AA126E4672D933A6C92AA51DBBA8979F4084ED39F43E0FDF41EEA4BC5EB7104316
394,DE,272,0D80EE1887A19038E0F182D85980F90E99FF50ABD7BFC884377A30BCB03FE21F28C42F456EC4DE4AE78A3B588223B1BB221134AC15304CA8EE0E6850F7BF19157C53239D9B012791500F036EECA6003B594D2AF6AE9D4F7D4CE6CB57C9E03C75CF110C5F25B0CFA334CB79E50EAAE741CADA67ECEB0B1CB80205DBEBEE56FECAE200408C
395,DE,272,0E00F3E234092AD511205CFCDC88B6F1A927476BAA0793FB695FCF0BE78C6637286CE52464645C7BEF0C80C4C55319FA227124AC5530B6A8FE0EB8369F2F5EC4BD15E33C22D084D7277B1AB94E1EFB43E83A67D37F92F0587109C9FEFF10DF5CCE1E0AD72CBD5186BA8D664CB15A1C6FF3DAE3ECABFDFF95960B246416AD7756936C4138
396,DE,272,0E80D64BA5C9817E8DDEA2DEE2F948F43B505451E811817CC97B9383FFAD1588FF18C584E7FD7C73EEEA8BE143587FBA6AF814FCEC11495F3F8417874C35E61500F2D9621C69ECF959FF5937AD2679726045E476BEB587CB5DC979CF3E77F7A8B1A0101025BA777E27841A810E7D68F260E20FB4DE4118157F4BDA479619FF66B26D44BB
397,DE,272,0F00878ADF0F58770DC58F8BE58158F8D20F71F3DBF0812009C670842DFE622A61F8CC8C6044E1FA83428269ABDBC1F42B457E9C95B89E20462BA16CF64FE0C535E39605EA617A2F8C303716EE16CF16691D5DB34162377315A4D0FE3611F45D4E7771122C4A1BA9798C6A4CF175E96A56DE47EC6B0B38B949BA7F6CC629BF18E1F5409E
398,EE,44,0103020C00B8000800040000800B00000264
399,DE,272,0B80FF4A863991D204D8A77BE351CBBC8D6751AA138780D539FF32DC293FE2FFD01349F337F95C73EAFA4AEAA2DB08DA0D40EC23AC3F9FD8CB8E288BF7B7E61DA2CB61A5830085A812C63A6EF57FFBE8684D447EF793F65845C8F9F6366F0C7F1DAD6BDF61F37D2A24349D36FB2D184BCD694FECAB253DBCAF6D667BDC1106E9D79945DC
400,DE,272,0C009CBF07F4DC6A45B1EF03AA71F861F94619835BF6C19540C73A744B80156C32A4EF8C69469802FFFAA9E9855118E319D9A93C1180A758EAC6F470DD8FC805BD3AA7DD9A010FD858AF3B1EED16DF3F697D3D06BEB5978C5CC9B8B63637CBB84F773380259AF74126E41B34F17D09AB69D2E894AB2D0D6DB40DAE93EE71891EE70041C7
401,DE,272,0C8026028761592244F9A60FE331D901BA6F62BB12D6B4C478AEC8D10456AA7F28C4C12067F4D203EF2AA4218A839EF22AB181D415E08F98CE5E9070DFEF4D35BD3A5BED9A0104D858AFB516EC766B3B691D3D26BE9D858C5CC936AA36371DA74F7757A324FAD25226E4C904F17DB98B68B2F394AB2DBE6DB66DD7BFEF11CF1EE5604247
402,DE,272,0D00EE02384190223BD9260B1C717901072F6C8F12B6B4D978AE20FC0476EA7F28E4E50C66B4F403EF0A82108AA308F62A9114D415C0B7B8CE7EE870DFCFCA31BD5ABDC09A0194D8588F3316EC56FB3B693DE506BE95F78D5CE9F8823617F5884F5743BF25BA775226C4EB842EA5D1BC69FA6705AB941899F62CDB02EEC8BEEAA741414B
403,DE,272,0D80AE9387D8D1429B215207E2F9B8F5B87E510B1346F0B3F93EEF049871EB172875E59547403462EF9B8288CB5788932A00144D14A068500A72E9F892391947AC5A2A6D9B91F49FD83A3AE6D5AC24C38131658E7E920F595D54C03333512A70971B428F853A57DA69329445F91D3D3B62726E648EF719E5764A2146DC6CDF96A8D63DEC
404,DE,272,0E0050738F01F0A2E96B952612ABB5F3E81F1F7F6887810F6D8E907E35CB3587B0F8E42EEC347E8BA0FC7C6290E30272666344E605DA3F2ABE39F8C40037E632BD62EB1E1A2084F1595E3336D6B63A3C68E8652688752874B4FFF1FEFF09F6A160859C579990242A25345530904394FAA19DA7B0884F38BCB46EDB73EA72FF37E7F04239
405,DE,272,0E80F51E5CF34A3A57A1D920E7A06A79C004515A530682F573C8ABFB0EA3AB8F2CE525FF26B4742BEBDAD2699A8B09292B61EFD51430B3A9866068311F8C263ABDFA2BCD8A9DF49F87776F1CED2E24C33937AF00BA4128740CC3EAFE7467F468277501DFEFBC7386F93C2A1EA3259FCB69720DB6297DF06BB299046BC24B766626503F6B
406,DE,272,0F00ADE258B968394DA1677BE6812EBE95C6A0CCCD0E94FE7DF67484820E35872C9EDD74A6B27FD7D02A87538E73D70A5A9B145C55E8B673CD5EE190DFEFE1D562E24BE79AA9C4F059543136ECB6FA1BB6C5B58FBEBDFA5D59193886E9EFBD92462F43862B6AA8AA1EDE63BCB0B71DBE85202D74AA252BBC766D046BC64BF666E7094608
407,EE,44,0103020C00BC000800040000800B00000268
408,DE,272,0B805ED358B9F4384DA16F0208A126F9A83559035BEAC11E788BDD4E31963587207E3AF49A1D762BF7DB42348F53BD0D906914D49D38B3A88E624288DFCF7FCDBD1AEBE4BBF15B208486336EEC7EE7EAF1C56106FE897F7458E9EE6633E76877F5AF43AFAD42735266D8C0CCF15D84436892A79DA2DDE6951A44DBEBEE79FBCF7FD846E3
409,DE,272,0C00AA02C75D58DA40D9A72B3C898D1BB0AFD87313A69504B88E362D0756EF8FBC1BE72C6344E5FCFDEABA694BA50A26A2691694172084894686EA601FC9E4E135E2288D9EC15B202C85336E64AEF83BD4D59541BB65C433DC5CECA6E9EF25934737BC58BC4477722479B5CCA5571DC3A8946E4074F58D65DE6CDAE38470BE6E38D8424F
410,DE,272,0C8092188E3951529B219A01E3097907A3FB8F7326FCE8D579FE5ADD4506358734FEEC74E7C475212D7A823388D2D70A36BBCB2CE1F8ACD01577ECA0F2F6A744BB3A3B9D9BC181F848FF33369C1124C39934657E7E93FE588311A88EF936F4F87C7602DFFA42AF4B2FBCEB442EA5C5B268EAE792AAD8394DC60A046B4259FF66272943CD
411,DE,272,0D0071FA4358D7F29B213A23F109F92BBAFE92A918868114B9AC3A8C3754A00FF71C792574CCFE73D12949618A8B1822F56960DC15B8B780CDAFEA81ECCFEE44BFFA291CA8218CA95DAFECEE6C4FF34B197A6126616D8F95549988C1CEA2F1CE90AF23A525C2A8AA7ADE6244F17DC24330886FE474F56177BE3D046BAA58FE66E6D04527
412,DE,272,0D80530386310FDA0C838E73E3812601905F8F738E9CB09C788927290451E38F181DE52CB94C701EE77AAA690AA5FE27558DEB66B282B673CE5E1ACDD83FABCABD32083CAA4984DFB15BD7F133AE93316955D5F328FAF3558311989C87EC057F4EB70059BD9D7EA22A3D6A142EA5A1A760E24FEC2B0B3AB8B1BDF46CEE79FACFD74840AB
413,DE,272,0E00AE054095AF3CA908A32B11CC89B43A9F55CDCD0EA8BE58069074898EEA7F2D14D5F42940F44330F29A0B82C308D2F56900CE1DB06850DE74ED00F78946B562E247E19A4981D958A933F69A4A557964EF6CF6686DD7049C5BE8763116F158EFDFCE5725BA747250792A321F88A8F9694064B4DDB03C9DA4B5DBB398ECD2F71F6F4303
414,DE,272,0E8071FA4F08D00365A979F35328D08911A7DD7312E6801F389F7F16856EA68D78D45DF796447245A3F8D2268D58187A656114DDCA38B300CF5E4288DBCF5CCDBD1A641B64508C98F277331633AE9F82B2C56506BE92B159AA5BF8A82CC7FD78E0A8985725BA7755241142BC715B1F6E2762659DA8ED8395B64D1B94018445E6E7203F80
415,DE,272,0F00E1F47930D862EE21A60B956F40F0B820B15BAB0780FB605F8A040476E23F821CE50CC15F7C0345F296118253800DF16914D415C7B57DE6F66876DD1AA9C5BF13280D20D984D89888DCC355A7FB346EECBAFE429DF6F41D19E8873767F2A836B7475F8C4538A62684B5CC254515DB68B2B86C4B15311DB3BDEC689F19FE6638D84125
416,EE,44,0103020C00C0000800040000800B0000026C
417,DE,272,0B800E07C7391000549BB5DBE758DDDA67D798931B8E09F3675AEF040060E3F72CCDFFDD59957C41F8DB0231555BB8EA22E1063411E9A77311864868D6B76F32B6CEF41546348D505AA635C7D377F3796AECE526616D7F945499277EE61DF5E000BD83A7259D77B259D82D71E58F144B606A626405F4C09AADB1F51BE171F95CE3F04333
418,DE,272,0C00068A0AB9D022BBF982EB537712D410A78F738EEC88843FCB312DFB56F09FBC1CE58C635471F37BF37BE68B5F00032B990B2E9D380F59C9711CAB00379E3FBC622A1D642085A858AFECEE804CF34BB6C5791DB6E54A64AE66C033C9E0707490AF03AA2132A8AA3EC26BBCBB411F3BB76AD790A351C69A7CB3DED5EAA1A1E1E70D41C7
419,DE,272,0C80ADD278B658DE6C9F94B6876FFAD047D8D27712D6B249A77614F6041E2A8C28F4E5246364ABFBF7008298EE8240B12971CB2CA9CAB7D04E7F37882FD6EF5D3C582B3FDA3B5B20F4D51A9EACA40509787D4C86971FB87AA29BE9C61F95B97A1F664BB58D3E5FDA66346B34D9DD154BE06D4F1E6B0A8FB94FAA5B26E6A17EE138D841DB
420,DE,272,0D00120B872910D184D9A623EBA126F90826900392EA00E4B83CCF0B1B88EE9FF71CBD0666CC8BF4F6F486E18D5C08DA2840A93C1480274FCCC3E878DE8FDE35BD3A8FED9A01A931A0C0ECEEB012DB4369CDDA069EE5287458BE277E7283FD684A7642DFD59A72A202394A4CB1AD5DBB48E2E7B4837D394D69B5DF89E621FE3E38D84322
421,DE,272,0D80AE178FC12FD5B42279F3470726F978A97C6B121DC0E5F08FB04E4884BA4E6416B43EF6F674D8E74C5DE986C609D09811265C5A3649DBD43EDAF0D7D556B7B5EA151345D988DE58F73310ECA76DBB51556501BC40C7049CEE09530E7FF58F4A82DB5725BA37A236C4E2CCF15D25D368954B40A3FD1D937D05DBEBEE56E2CA38D84451
422,DE,272,0E006E168D3940255C0C79F39778FA79B8045A5AED01400F58F6F00F8466EA572934E52C1C55732397EBD90F89D308D2F5698CE10DB0B558337EE00000377230BD622BEBC0F5BCB05888E3C23EB124C35D54557EFE92E859C411F886F6E4F5984F7F5A7EFA422F5A26ACAAC7B15D1D936242B86CE70579E58565DB48DC71B0EA9D51415F
423,DE,272,0E80E64107F359C59B21A602E309E02947D9D0240AD6FD13A77694F905FE678728F46584EB4C740330F2AA948E530C0CB7D914AC15C7AA7C1186E064D5B77632A5CFF415262987A058A439C713A19FC04945A5F53E85F7A45D39F8A628F6F2A853B618B126CA7772F93C8A00E92D1F4B95926FE433F5396DB64BD84611A6B3E5E600421F
424,DE,272,0F00A5E3BF29D025450CAEFB7A8CC169B8289B5F12D6290C788EEF04A872EA0768F83AF40EAC7C7330F21666555B6C5A12E9D4D31D1568504679E8F81F7D19C223E7A1159A2182388777731EEC2E04CCFFC0EFFEBE956D745CC9FFAC36E74708F6AF43AF65A6DEAA26C4434CB0AD0DBA41E2B4DDA0753A9D484ED0E331A9FFD67BD842F5
425,EE,44,0103020C00C4000800040000800B00000270
426,DE,272,0B80AEE258B9FCE5D821A6CB7789F9A1E7C58A91162674B17A5E730C0575E10F240FEB0FB94CACE461F282213FE8137AB4D7AA2197BFBF74118680D1D137ECF5E606F41526C32A2058BFECEE906278C369FDE5B4BDD3F2A71032277E8ED02A70F7B0DD57255AC9A325CB22E42EA5295AF66A6694ABFD06671AB5DB33EEA13F1E38D845B0
427,DE,272,0C000AB31CB9D092FE28A604E4A142F0B820725AB80781FAD476301C1996518E28EBEEDD669C70D371F286F1265B081239718A2C17201B50CE9EE690DFE7E0E523E22F0D94D085D6F47733F6E9B665C36BDD6BF7BF9B5B745C09447E36D7F5A04B874F5E21BAEF10221541D4FDAC1FBBF0D04044A375799DB74DD3E3F5B1CC66BC274489
428,DE,272,0C80AAD6C7B3D331E821A63BE091B6F53A5CFC7312C65F0CB8BD2B84DF70EEAB941CE53CE5F672D2E3EA1AE98A9313F42B4414FC13104882B18AD0DFD7B7A6C5BC1A239DB25984DE677A60B813A14EC169157DD6616D738F5C91788137C20C7F24AEBA580841A8AABEC2535C30AE9DBA68BB58609EA3E6957E58521BEBA198E5E2D0464C
429,DE,272,0D00F9F9B6A7D0029B21DE1DEB01D979B8DFEF8B32867F03477430DCB99E18F028E4651F6694F203EF2A6A3E8A8388472AB1CB2C61DABFD8AD37E008DF3F5937B76A2ECD45D9ECE240FFECEE886CE34329CD2506A6E5287400D3E3FE2D10F75C0DA7C3AD2FCAED1B2FBC2332E789C24320886EFCE20F28B969B5D785E429BDEEEF224489
430,DE,272,0D80A4723408D95A4DDFA7DFE377FCD567D77C81EB010E0D817948050456E8C228E4BD0C66941933EF2AB6118A8318472A619B2C1186485F2187C836DB3F58C9BD362A3DBA6794658777E353CC2EFF1361ECBAFE629CF7F49CEFF952CFE07B714C7763DF98526712A67195C3CFA6A05369D2FB732BB8E6950E44DBEBEE57FCCA18D743B2
431,DE,272,0E0064FB7861D29FF931A74B7239F979780E58C912268514A77698F5040F65572834D5EC7601ABFB734382E1D85B2882D566A62D35B8B3584F82C808DFE7F6E462E273A8BA5987F0505EECEE885FFB43A93B64D24762A57558C9D8F68BFFE5C84FB75312A50F88A5143FB5CCB5541CC329626595AA7D8485B70D8374EE51F35AE760442F
432,DE,272,0E80CE02876150979B218E02E309F907B4FA8F733EFF418C78F7B8BE02A7E2562A3558E467F4F6E47B2381C175547C0BD5B11669A828B6E8B799F85CDE8F2819BD3A5AED9A01FFD858AF9339EC76940B691D9DB3616D03D483111CC5167F357BCF774387226AA8AAFEC7EBBE31D75DA3A8824FE4AAED314D9E3DEEDDDE29FFEE3820441E
433,DE,272,0F009E728FB14CD974A1270DE6A4F9F1672F60FB3A8EC0EA50FE1884045E1BAEF71C45544ECDF4F3100AEA60555BA89A1B195DC82440485FA48537884BC7E65DBC32293C9A017B2FC274ECEE642EC34329CD6D0686E5D7E49C1A38A6363FF358971F832565B2B7E0D933E3CFF3BD019B9765E26FAFFDDB968E35DB631951C76E18D74183
434,EE,44,0103020C00C8000800040000800B00000274
435,DE,272,0B80A4FB58B9DC2644A1A623E4A1C948B157917892E780DD695E30DCF6CB2E37289C4D7D573C3D1FDE8A02E175A3D70A02891DAC9D82B678315E1ACDDFEF1488BD1AA6DD9A0117D858AFA516EC76740B691D1306BEB5773942A1F8FE3611F15C90AF93A825C277542A10B5CC2D5A1DC369BA6444AF2538BDB165D842C07107E908DE3F65
436,DE,272,0C00AFE28FB1CCD9BB2E78F33C892906B8A756C2CD0E4CD36BF6EBFB05A3E21F2804AD6C76CC340BFF7A83AC8AA318FA2BD11CDC14804784CE5EE862A5CFE671BD5A3FFD9B610BD858AF4316EC76503B691D7106BEB5678C5CC98C8636378D884F776E46D5FD38A6A684B5CC894A15DB68B2B86CDF1A311D69B5AFD431A99F19E7A842D9
437,DE,272,0C804E6240612FD5EC2179F38776F97938285B5E329E80F3705B24DCA416E95F28051AFBFE4BB32310FD15E97554840A6A63B3E13D86485F7C863788E7C8E64DBD1C283827C9749F5C7F12AD33AE073D68452C18BFE53E3E5CC01A57C9E081705B77E3CFE29A88A55E3C95C39CA535FD9765F26CAFFD329669B5DBD4CE29BFEEC7204101
438,DE,272,0D008E7258B900547CA1E6FBEB71C17147D87B73ED01D80CA776947DDC8EEA7FE817651C669C7AD389420298C557728362D214264780F85CCA1F588B2E3F191DBFC3D4CD9AC169F8983DCCE174ACC24368CD920787E5F37CAD137AC08CE6F58723869C57692BEEAA26C4B5CCA50BB5CBB76A3BF29A85707187CD8EBBE981003EE3D045CE
439,DE,272,0D8072F805072FD54321F64D6991C179F8DF588B2A86580C788EF00FC466EA572634A244A63D3BF7957BCA528A515AB2656510B5A53B46583156EAA920EFE6D5323AEB5F65D6DF2261F732E61B57C24B6DCDD1FC3CD34D7D5CE6D757AFEFF588A7279C573DAC7F22164C2A28C1DD25C328626F94937DE195B64D1B60AE71FF36E9F041FB
440,DE,272,0E00814AC7CB9FD63EA8EE48E383AB41F7DB54EAA20D710487A63225FB56EA9FA7C425BE99435FF9D67283E17DA231822E61902E97860D59CE71EBA021384ACAED5C040D03D984D870FEECEE5843F34B58B52C1A8F152874F0FCF2FE74E7F48A45270EE62CC2747B2414D7DC011AD05E49EAA7B6BA4F3BBD0BA52BD479B416666F624300
441,DE,272,0E80ACD23AA92065F03CAE22E1A044E94868DC6E86DF8224C566C0BBAE935797D8A361E9DB5C8484EF0A0C118A830CC22AB1B2D415E0EC98CE5E7170DFEF1E19BD3A7BC29A01946D87770313EC2EFB3D6DE9BAFE6291F7F45CEFFB52E9EFD98DB7A0AB51FA42575727BC6BC40F5C1CCBB76A7B91AB6529993712D74331A9EB1BE6AB4638
442,DE,272,0F00EE8BC7599FD63EA8EE48E37A0629BCF6AFAB10165F0C848A3084C4C41588351D3AF4C6F05473EBFA8AEBAADB08DA3640CB2CD5C4B7D0CE78E9A5DEEFF688B9EA8B1445D910DC58F7ECEE7842F34BB6C51512F6E5F6AC83118C923E97FCA890AF2BBB2DCACABA368410D2E1E087BB68B238A4AB2D3941B70D85A3EE717F1EE70048B3
443,EE,44,0103020C00CC000800040000800B00000278
444,DE,272,0B80622E8761A32244F9090BE3516C01B80FF98B12D6DAF478AE94FC0456C796D0ABE5289943E7FB30F2F2158ADBC8D322D3140514E46850F22AC0089FC9E4E000F2DAA2D4C45B200CEBECEEC022C343693B61D2616D2B8F5C91F88030C385F14F7F407EFA425356DE330ECA2EA5053FF06A6794ABFDC76D3EB5DB9331A9378D38D84470
445,DE,272,0C006EA1F738D00A4E099472526CF3F0B92F567B090AB08DA77684EF0CF6FC9F28C8E6DCE794FEFBED0A80F10B83820A2E9115F4CA382FBBC6FE1F8780326FCDBD1A2F1DE1D81D20588F333EC987FA1BB6C5B515B6152874E8EAF8EEF6E4B5B84F7F4F7FFA42DB51664F25C08B2C55F8686767F4AB06C645B29424B3ECB120E67323445E
446,DE,272,0C80AE7A47F32FD52D212FF3E371FDF1EDD6C97312F680DC7A5EA90404769E9E009CE50A6761752380EB86E1615BC7BF3EB1FCB465B9B780CDAED8F87F3EE73EAEFAF9A59A49442BD8BF333EE8862B73E9B6C5F7BF9EFF6C8FA1F8FE2F36BDCB4576D354D44AD7A327CF25C0711DA0F260F267B41644311D0F05DB1B0631A758679246FA
447,DE,272,0D0050F5EDBFD8D2DF218E63E376FED4006750F392F183216CAED89C0756DE9ED613B7F2DCFC746B2FF902218A8B03235AE814FC1D110CE0CE062877DB1AA6C76A4AD51AF6DF8738187DD02612A19CC51944652EBD458704FC18F98D23F75EC04F3F835CE58A777A2014C37C30D69D306088C765AA06318D1A05DBEBF770B75DED014107
448,DE,272,0D803EF976B170D345D258FCFE8FED21104F08CD92447E035870CE0BE28BEE8F561CEDFC2B4C34234E438A61105B0BF28AD81CA4EB37BF565B36E8181F3C2605BD32203CEA5884F0505EA45EEC2E3B3C6DE825F471C5097B7E17FB6676E52EB8B1A05E51DB4D87AFD9335DCD78A51DBB6C62C36C32F5396DB665F9429E28FF36E3F13FD3
449,DE,272,0E00DA4A863991D24CD8A77B6939F979C2075450E501A109F17630FC0096905FDF13FEF1EF4C7403844283698B53FFF32BE18D2C15C0B3584F867188DFCFE61DBBCA2BCDEA507A2FFF72AAEEEC5667DB1944652EBB45F7AC2C980671ABEAF5A8DCB719E72532777E64146F1CED8C87436B9205DDA37DA395B24DBADAE62167E6E7204426
450,DE,272,0E80EEF2864158DA44D93CF3E1713829BCFF68F3D20500E478A65C2CFA819682950C14439943AAB8E92286C1B2DBC801AA8114FC4A102D50CA7EB839D7BF7CCDB81A64A492511C20588F73E6ED5673C3693DFFFEBD9536A45839C0FEF6E475984F7F0B7FDB4D2FAF9B2C9B7B0EAAA7006FBA7B4531F53C6DF704D3E374A9F91EA7694469
451,DE,272,0F00A6721FB9D0220429A70B6B89F90122D7548BD3DE842440F6F00F8466EA5701341BFB5F49C9EB1E457DE6111800DA2E412CACD53337B8CE56F4A04537E0359253239D00D983D876C63B6674AEFB3B29CD6406366DF78CC611FD86F73FF158772F835CA5AA777A231494C3E4A0A05399DD9863DCB60925B735928FEF21371898D53E7A
452,EE,44,0103020C00D0000800040000800B0000027C
453,DE,272,0B8092AD79B6D8DFBBF91BE311FEE049B857108D13237F035F35A419123EEA0768E2E4D999432AB862EFFB118A8372F22AB192D415E029A8CE5E6C5FDFEFC214BD12ABFE9A0127E858AFB216EC76A33B691DC507BEB5708C5CC97EB63637B7B84F7733AF259A63422784E534F17D15B369D23AA4AB2D4F6DB66DCF93EE71782EE7004203
454,DE,272,0C0026328761F82244F9C22BE379012DB80F00A412D6E2C478AED8D304567A5028C4850C66941433EF2AE3218A837BF22AB1B3D415E023A8CE5E9640DFEF1E80B95C2AC845D978B168A321C6C410CB5BB6C5310ABEEDB08E5E09FF76E4E88A964F78417F55D2B755D1111A5C315A1D6F68B767B8A2DD0941989D9BBFA3819F328AF040AF
455,DE,272,0C802E2E87B141A2EE39A626E8A1C969F8DF708B2296B09C387E54FC34161A16A8E4650496D5446BAF02C211BAC3D70ADE9A14AC55C2B75D6629EA90D83F47CAC2042BC298F1F4B09888C4C29C3E3B3C29CCE286BEB0736CEC81B876B607B57C4F17F3CF15D277A2BCC45A54C1355D4B6A9257F474F58966B6359B91EEA43F59E5C04502
456,DE,272,0D00A9F2F9BEAF3C44F6A4DB931979064FFA50A4772780D11B6E30D103A6DA176814810C56D4846AAFFAC2517AC2389A2A61EAD425A06850A275E8089FCDE6C0154D290D9DD1D92727913339EE868B53A93A92D2CEFD378B1F3CF8A377F7F5A5448773C7654A135216A49A5D715D9DB398F397FDEBFD392D462CEBFBEEA1011ED74042FB
457,DE,272,0D8071FAA74AD05A04DBA6FE4B26FBE1BFDF67746DE880DB7A5E4094C4711DAB588C250B7B617426F4EAB279CA536CF21AF124BC5530B3A8FE1E378837C5E64DFD182B18327686385F7F28E99348FB146BED156E7E9200595CC6FA573632F5684F726BE9D70767E7D93343CBF1751C6B68B27729E4F9B93D69B5E789E631CF3E18D74314
458,DE,272,0E00B3FD8341DFF29B219601E209F8F1462E51FBCD0EA8FE79F6310CF377EB0FD013FBF5609464BE30F29A1B8BDB4902AA9015A481E068504A62E000273880CEBFFA2C1D44DFE0C4BC3DB13A158DFDCBD6C46526AE28CF3959AF277EDE5ED5E0CF102BEFC59B7F1027156A14C3E0C243509866FCA201E6958267CAE3EE39FF1038D844BA
459,DE,272,0E80B61F8F31F04AC49EA6FB037169F1D82F545A12D67F03DE7130D407A7C239950CD74CF95346BE30F2761DCADBDA151224CB2CE58997D08F56C0A2DF24A634751B671FCA10C82A09BDA354EC85F37DB6C5495CBFB75D0C7661B770C864EFC865D74BB58D38A8AA3ECE6A4C31AEDDBB68BA6944ACFDBC9369B5D799EE39FF1BE5F4451A
460,DE,272,0F00868A474625F76C51660CE2A4FF218A92AF7CDB0980DC4C5FEF04E87FEA07E817650C669C7CD3ED298F338B82288AF569C89D31A817EFD99E37880BC6E64D7DE92BFD9A098C085BAC3934F510DB43B6C5D94F9AFD57CB5B09FBA53A35F4A96F2F9C578DF3533A8683B5CC3D551CC329626695AA7DE6957E4BDAFBCFA1F71FE6404314
461,EE,44,0103020C00D4000800040000800B00000280
462,DE,272,0B80AE22B5FCE8979B21F247C319B9F1382F70EBCD0E90FD78F63017C477A77F2A04E2FC484A191D42B8823C8873289A6A90E2011530B4507396D930522FCBDC4D5DF4151A2984B0D8C8375033AE2F624755BAFEA2EF207450692F7E2A8722704FF79C57D9B1763A67346A45F03D1CD3496267E5AA6D3E9DB2B32464BBAEFF36F7F13FFC
463,DE,272,0C001E020749F8428321AA8B2489E5917FD7502B32B07F03667130D406A7EA8F741CE52CDB5C8484C2E372508A8626B405D7CB2CD549BA4831894D8F203859CA62E28FE69A5984D98777830FAE0EB9CB683F2756266DF78CB15B7DC417C5F2789FAA9C57BDB377DA26C26FE115EF1D976B4366B0C611398DB669046B8E5AFE76AE213EBD
464,DE,272,0C80AAD787610FDA18C2AE7BFA91F96878288F5E64EA81D3CE3C7E0A65566C3DE23F1AFB164B742330F2BE0A82D3900A2A91F9669082B47BCE51E9A1DBEFE6D5BB3A96056AA0CB2CD8CFECEE184FF35B691DBAFE9A88FFFCFA0E277E361CE0680E3F525F26B5748267AC2BC4D15C5CDB29FA6E93A8D87805F7BDD392AF31BE762E2644B5
465,DE,272,0D00ADD7C62991D254D8E76BA219E8F1A320B55A139F49FCB18E319D051EA37E2B30E4642744F402EE6A837983A20B262BF955201581B6C8CF162170DC1BE75DFCEE2BEC9B41F49F683BECEE485EFA5328CD6407BFF5F7AD9D88B9E6E9EF9D91463F42CB259BA8AA46ED794CF176136AB76A63BE74F5A55AAD35009AF781FF3DF44044FE
466,DE,272,0D80B6E2C3B1D426D8B9EF172AC3EA79216DBD51CD0E8CCE2B7601BCDB8EE2452B0F240FB94C1854C2726F1860739492C17610F706A06850F653EA9B9ECEAFBDFCEE2BBC58488E9B9AEEF17EFD153A5B68552C0EF795F6EC5CC9C83A4650E53C90AF53A724D236A227C56B54F17CDCDA29F2B86C7B153005F729046B2259FE66E70942B2
467,DE,272,0E00B7D28760D4C20729A2083011B01D719D52F383B48F2EA776B8D5069D2B7D7B8C3AF4E69D76E82E085DE96EE52C8ACE98FD04C6A05D4F11865879DFB72632B8CEF415622484A038AE3B54E28624C3F534BAFE0283FEF495E0FB56E9EF61914E374C4F4A4A745327A461D42EA59DB2B76AC782A275F064B49DDBB2EF31FEFEE30144CA
468,DE,272,0E80AF628761C09E349E79F38B7826F9D0365AF3118E831F7AAC62F9DB8EC2473284E52F65C46C45E77A921D555B58EB22E114DECA38FBB1C60EF036AF88D68162E21FD445D9B0F18777071F33AECF226545607EBB7EF3A84991FD6D3233E8F04ABC478BC1BA33A222C0B5CC290A31DB74E2449EB87D2367B43DCB99E621FF3ED79C4527
469,DE,272,0F00DE4558B9DC2444A16602E3A02FE603C88F73EEF3808CB87D70EC045EEAAED8033AF47EB1747B8F2B8A538273D70AFE9D14ACD533B7B8CE56E8A0602842D25DFD06046A605B202485329EE54BFABBB6C58D02BEED378A533D277E961D2A70EF4D4AD764CAA8AABADE604C732D57C3AAE2EEECAA7C394D34ADDF6350AC00E974DD4353
470,EE,44,0103020C00D8000800040000800B00000284
471,DE,272,0B8071FA030BF05247297EF0C309F929CEFE8F731ABE5F0C1C84EF046863E307E917650D669D6DD3F72BC3616BDF8982D5B0D5A4CA382BB2C706E901DFEF39CD2900239D64015B20C8953B66027624C3DD276D76037D07CD5C191B39E9EFEDD090AF5BC7FA426F2AF93C72BC2EA539AE61EAAE9DB5DC214CF73DFAEA6F219E6726503FDF
472,DE,272,0C0071FA430BF15A45A8A62B6B89F901805FAFAB228680D450FECF0B77891588F61AE52CEE4C7403D77AA269BAD308D202E10E3415E1F6D84F0EEF511EBF074DBC6B2BCD12D984D860FF3436DC261B42414D9AF1E96A087B9E17F8A6BEEFF5887727448F15CAD72B0EB495C3BAA2E24C036CB86C630E3815F7BDDF92EF21FF3E5AC840CA
473,DE,272,0C805E837FF42FD54B2479F39F38D971BBDF0470328E80DC515FEF046031358754EEE47447C4ABFBBB5DC369A3D3D70A62F695AC24B06850F2092808E7BF19C295E5D41A16DF5B20E485326ECD26BA43404DE47E8FE537F4649907712CE80A7F7CA995E724C276A2DDC56B44F17DEF065027B5DDA375399D594D9B63EA51F76E38D843B3
474,DE,272,0D00AA1B58B9100856A1740DC6A526F944078F73E6C59B8CBB7DB0FF045DE2AFFA98EF7C99963E7330F2AA3898DB82823971CB2CC9F3ACD01577EEA0DFECED45BA39609D48590EA85F6F206FE726A942234DBAFECABCE5F4D6993A8F35C6EDAA90AFE3973FCAB7A1A6D66A1EC18CC243C4ABB86C372E2B156444F943EE73E56EBD50466A
475,DE,272,0D80E47A85B1D720D629A104ECA0757967D72CA3C78E2CB67C5F37D898063806F294F0EC624484017DFA621E8E730FD0B0E1D4F6CFB0BC48C95C720020ED3C45BBFA2BCF8051DEA8A7ADA966EC74214BA9CE2514BEBFDC5DD091277E9E2E39C25D2F91A6206B77733FB433446D2DC4CB767267B6B17D631DFF35DA63E9536DEEE02F4397
476,DE,272,0E00A0D358B9D80A91A10A49E7A0FE20215FC1F2CB868B147C7EC0FE96860A702A347C7CBAC477E3767AC6E182A2D1824AB01C961411B358D082E850ED72E635BD1A2B899A61A931A0CCCCE1C1AA24C3D15A5576BD6585766C91F8AE7FC62A70C30D35E305C217732E862EE556151DC3A861E794AB253ABD9E35ABB2E613CFCE38D843EA
477,DE,272,0E802E87876158DA44D979F393E470F9B82F8F737693B084A7766C893C06C20769E2E4D9999545736F0C83C475833082D5663B2AEA372455CE5E6088DFCF6FCDBD1A1B9DA251ACA0198930C333AE4B27604554763E93BF5983115C8A366FCDF80CB7435F7B444722253442CEC1251D932B4257ECE9EDE6959245046BEAD4FE666FD83FBC
478,DE,272,0F00AE1258B928B605A12FF3E36126F9504BD1F323865F0CA4FAF0843C06C20769E2E4D9999545736F0C83C475833082D566FB29EA37E4551186A478DEB76ECDBD0A6A9513D984C8D9F702662C2EC34B41452400BD40287478F5F1FE0767758E4C829C573DB6772A1EB495C323A0E24C836E47ECEBFD3D6D963DDBB353B90D9D38D840FD
479,EE,44,0103020C00DC000800040000800B00000288
480,DE,272,0B80D2188763DA529B21DE21F10926F98C174BF349F08721288931290056E20FF71C590066CC0444EB298961DBA40D272AB9150577E0C7EF3A5E9837DFE7E7E4983A5BAAA701F49F8777CF13ECDE7B27B6C54910FF8DFE915CC1FC6627EFF4A445270AB165A48E835683B5CCE14B55CAB76AB391AA853144B097928FEFD120E61B2C41DD
481,DE,272,0C00AF7ACE5DD15244F9D64CF3C406F6F7D48F73E6B3A0847B7EA005240EEA572F35E4FC774C714BEE72C3E182A209822AB1046915C0A7A0CF3E6E70DFEFFE35BD3AF8C19A01D4D958AF43A2C31EFB43293A41D2616D77865C91F88129C32A70375D43D725926D82F93C1E2EF835C24378B974FCB9743949B7ADCBA28A4D1BAC636243A4
482,DE,272,0C80A2D8CA29CD62CAB1134916A0B47AB802525B9F8D15B6975F30DC0496EB5F5858954B66B4F633EF2A9A758AE3DCDE2AB16460CA3897A2CE06E877C51B39CD3D102B8545D944C251F7ECEE587CE8537B446522BF75E7BC38F574C43AC5B0E05217C5C790F8818363BF6A19F38D98C0FDD09745AA2D398DB66DAB2F9E16EF32E66044EE
483,DE,272,0D0096028761D82A45998A0BE351AD00B80F708B12D6F040CCC63084C471CAAAF71C850666DCABFB8F108B7982E3D70A768B1DBC9D82A6791186B07ADFB7263C91CAF415CA2B84A058A714C633AE4B3F2944BAFEFA8FFEF4D4ABE756363785343F109C571DB0772A26EC9DE42EA509A162FAB86C5F312205BF34DBB7EFB1EF2D833C4119
484,DE,272,0D802A406D938D4A5199386356330FD0E55450A610261D8FD1CCC02D0556349828E4F96866F404B730F23A1B8BDB08DB3641CB2CD9C9B5C0CD07378877C5E25D62E26BE59A59C4D0587F3213EC76FADB7909251A7E277FCE54335EEE845502594F7A477F03C1C410D4156AD40E7D6D0718D567F2AB4DA95DB66D5BF6EE11DB1EE7603DB1
485,DE,272,0E00DEB758B9B46864A166F86371F929EBFF8F73FEFC808C7DAF38BE49A73587C8E3E57426BC64F3EE0F5DE95AC00B229AE804FC161BC715BE07F858E215B17DFC602BC093F176A1D2CD3DC79D2C7B41E87F6FD7FB65F5895B094AFFBC55F1597E2DC3D5A4F8778324E14272715A016EB76ABB9E3BF51D7DFF515B6BCA41FBEEFDDF48FF
486,DE,272,0E80AB41A73910D104D9A623EEA1D1477828555E228C90DC7F55350CFF73EE9FD89DF524676F71F3140FEA168F76D70A0A9C15AC5430A7A9CF0E98CDDFCF9605BD3A3FFD9B618CE858AF9226EC767B8EB6C5E50CBEFD378B583D277E4E1DF5F00E7F6974DA4D1CA826EC62E42EA571A162EA2564AA0F331D69B5BF89E621FE3E38D840FC
487,DE,272,0F00FA188F31F56A9B213216EA0938F2F83E50A21326008C786E3084FB81718628CCEDDCB94C4019E572C0E18BA10282F56938CE1DB0485F1E84378817CBE74D7CE96BEF9A0B8508F2AF31ABADA6F93A684DBAFEB29FF7F45CEFFF52E9EFB185B8A0EB53D24DE5AE8CE468894CB51CFB6962382FAB0D910BB60D046B3658FF66FD084318
488,EE,44,0103020C00E0000800040000800B0000028C
489,DE,272,0B80AFD82D61A0659B219A0FE3097906B8FAA969B8D6F0B3788EE5D00456DA7E28C4592266943465EF4A5DE932AA089AF569A8CE57C7B47D0E761752D5BFE4D5FD172BCF90515B2084933B67EC5C334B6937ED76BE9FBFFC5CC988C13617FDEC4F1753BF27FA266226E4E61BF17DB1DD68D267944BF2466DB66DA593EE71821EE7004454
490,DE,272,0C00D202876128979B21CE61D209F101BAFEED63E3B6581405C212860636FA39F71CB1564EC4D77E774886C085A40A279779E594AF2010D6493CEAA26227177509FACC902063940987778B13EC2E7B3C68E86626BE75F5AC83115C4EAAEFF5482F12417C9852861286248C7CF125DD48288267BCA7DCE695464ADBEB2E58F8CE38D83EEB
491,DE,272,0C80D20A8739D80A46091BE3123174E167D7148D128E80F3725BEF04B87EEB076914E40D67C4742330F2360982D3FA4FF569ECDF15B837AFEFABE880F736D64DFC06F4152E2885A872F7906B7614FCEAB6C55523ACED658B0D3CB19A3767BB682E29C9ED2C6B747327B4B5CCE54814C3E1952341AF2C381DF7ADC3B31CEC20E69B79417D
492,DE,272,0D0034408990F8AA04C58E8BAA6D26F9D02651FBCD0E6CD06AF6A2FB2BA3A3632994C9EC50FA547D6D4889C0A22B49EE03119489E2372B533989318B28382DCEA53AD950206398081EAFC4E1A5ACB81B9ECAA8FD496248777461B99A1F9775D5B8A0CF54D24DC0A9F93C7A3DF27C1CCBB76AF780A275B06AB798DFB2EF21E53E159D43D3
493,DE,272,0D80868AC65DF9A2C48451FC948AD189F933790B92AB77033E75C70B738DDA5FDF1340F79143E3F8F72A70AC0A16D70A0E9B14AC15C7B47DCE8EB988C7EFE48800F22AADBFC1DCD858AFB3A333AEF33169456501BC414A645DA9E266E9EF798E4F2F835CA5AA777A24156AC4CCA51C5B6862526CB32D3BD0B64D5493EE717F0DE7004331
494,DE,272,0E00C0328761380D44F9053BE351C900B80F8F73D2FF808C787E60FC145EEBAF82C4954B0EFC757BAEFA83108BD3D70A8E9515AC5430BFA9CF0EE8500037C622B56AF4158E2685A0197F3217ED26FB1B197AB32ABEB592BC5CC99EB63637ACC04E2F025F24BB7622F93C2A3EF1259DBC694661646DB3B9D8B6BD926B53B9FE5EE1D03FD9
495,DE,272,0E8011BC8741B71244F99EBE3C89E14B9856A77CDA0C5AB950F6B0FA02A3358774E2E57491439EF918FD97EA555B5CF42AE954D317149FD04E79E9A4DFEFD488DD639605A861732FF635FD3AEC767B8EB6C5B10F7EED007BFA13456E3757216FCFE29C57E5B3B72AD133A2CE4CB51CFBA375E78BAB0529D869B577DA8E2908E975DA4662
496,DE,272,0F000E7A70B65FD8F931B64B3C9626F9E42850F312F180219569D11B0476065028C465B9B94CC400EF7282168076D70A029715AC5430B6A9CF0EE8500037C623B56A295045D9E0D158F7B311EF82FBCB55C57D26BC28287448EEF8FE3610F85D90AF4BA925C2B7A1E6C46A1CF38DA05369D26D7454FA8692AE6DD92E11A64FE1FF004119
497,EE,44,0103020C00E4000800040000800B00000290
498,DE,272,0B80ACBF8741200D44F9B6BE3C89E148D857D083120677F4A776ECEA0C061D88451E12FBFE4E147BEFFA81117D546E088AE914DDE237D5526E061F87803519C23BE533CD8A9CF5D858AF23A333AE4B326945A5F57E95F7A44F39277EFE5F95F14F5EB4586E40A8AAB2C26BBCBB411F3B60CF9063E8F7CE9AF1B7667BFE1108E98D9A428E
499,DE,272,0C00BEBF8741CC2244F996BFEA58F9DAB00E8F737ECF5F0C14A72C84069DEE6B4D8CC806375E71268A6A5DE9D6EA2C8AF569488D38B8F242CA5A37888B96CB4DF8F02FC945D9108275F776FCE872FB1268EC21F6BC91EEF455E874D62F6FF7634E4687D7A0C272B922E02F4CF4B6199F6DEA627FAF29B50DAF35D978EF403B676259458D
500,DE,272,0C80ABE98365955B4132A22FE308F9EABC0F98EB0A8E80F5F9D6710C05776B2F1858954BE601ABFBBB0E8369C2A509272AB01934CA3803ACCE0628839FDFE61DBBCB98A59A59442BD89F333EEC87F31A61202AF001E7E7CC8311FCAC26972A70835BBC58B745CABA278494C31DE26EBB68B2772174F5896AF735046B6279EE6E6658404B
501,DE,272,0D0071FA0F69C15285A179F36759E87167D798C2128FA084A776F8F5041E6A38F71C050F66CCB4F06F0A8239897290BA2AE9D4DD161197D08E8EEC70FFBFE0C5DDE7F4153A388CB0587F3016663F69342BD7E506B1B7E7CE5B38B0EF3136FDCA4587BD580945777A2B15B5CCDD571DC39665166AAB253FBC48BA8D6CEE79FDCF5AC8433E
502,DE,272,0D80BE4209A6C09F9A91A67323827901B807495B08BE808C78A6152DDB8E0A78289C250B4E60ABFBC30C82698AA42B272AB1CB2CFDD9BFD811860079DEB7E7C5401B2A9D3001F49F87773F10EC2EFB3C87E9BAFE6E9CF6F45CC0F9567F09F4F8481E4AD725937382238C6B4CB8431CCBB67567ECAB25E2BCB16DABD4EE513232E7004091
503,DE,272,0E00DB028761E8979B2106023238F069B95F51F3030687F579FE742CDB8E522A009CA50A5960BF4FCF727D398B7348EE0AE11224F33C9FD0CE79EFA420387BC962E213F992512EF0755F01ABCC2EBA1340E69BF10A6B287408B0D0F6363FEB59B1A061510DCA777A3F156B14D12DC243409BB86C831B301577BE9B82EE78FBCE67583D70
504,DE,272,0E8050F56FBCF8524739A6731D861AFC905F78F31006D20850F630D405A6C2071A591BFB7C4B7423DDB75DE966ABD70A2A881DAC5CC7B67CCE06E19000370620B462EA1EDA3084F1595FB36EECB6FB4397CAA4BBBE95708C5CC962B63637F5A54F7742AB244F0813DEF560362EA5D5A322F6ADF0AB0FC15DB64993F62634B7782F46406B
505,DE,272,0F00A66F58B9DC0F5499E6FB0F11B9F1BC2F58EE9A93889A68CE700CEC16AA8F2CE4ED6AEED2BC6AAFFABD1142C2C09A6A612BD4DDA0BFC08E76A870D7AFE615CD5DD7C19A01946DA6789DEB33AE9B73494D67F64D6ED7F45CC1F657E9EFAD804E3F025F24BB763226E5AB55B03D129B9765D06B16E5292D21AACB2EEE51581EE700457A
506,EE,44,0103020C00E8000800040000800B00000294
507,DE,272,0B80662D8761491244F95A24E351F931B80F708B12D61FC478AE90CC0456714F28C495B99843F4FEEF22D4C08A83D70AE6841CA4CA384BA1CF06A980DBCEE74562E2E38845D974D158F7036633AE3B7EB6C58D5F96EDD7FCA21E8979E9EF2D9F473F035F24BA7F3226E4A255B93D2DC36A9077D2887514154660D44831A93F17E758419A
508,DE,272,0C00ADF27F4293C814CA857B2371E342789D106110D682F668C8241C4786ED7C0B94FF4F74B036F797485DE91EFAA58A2961ECD7562AE2BBED0EF03334CF3D87FEF02BCD9A23C6285C8D3972ACA6FF3BA1596A26037D87CC1F0E883B361761884F77DE9F259A7F7F26E45234F17D250EB76A77C174F529289E35DF78EE4120E6D3393FB7
509,DE,272,0C80A77A58B9E40B56A1B40FA19BF86067D77CA2008EC11E7AAF710CFB772B1FF71CC505E6CCABFB83118B69C0AA4A024A9316217282F4A18D942971167DE7DEBF3BEBEDDAD180D8983D33FDED76D243603C6D5796EDF3675CF9B9EE3F1DFC8A0EA74BAE64DA71A2AA3F424CF15C1CE229626695AA5C8485870D25640AEC521EE7004269
510,DE,272,0D00820287615097BA2E28F63C894119B05F50A30B275F0CC8863084DB8E5A67219CEC0E275E744330F2F20703D800B16A616B94CA38E7BC1186A054CDB7E7DEBF0BA38D27C98598C96831ABEC56E714691D7D62BED574BC5CC96F863637A7B84F77C7AF259A7B6226E47634F17DE50EB76A4FD274F56565B635FAEE6613FECE4D003F46
511,DE,272,0D805CBF58B928716CA1670DE7A526F9983959F35BF18221387E34FC2C063587509EDD7426A84C7330F2F67BBADB48EE1AE11224333B9FD00E8D6871DFE6ECE58462F415C60B96A0C9CD31C5ACA6F93B414DA1264C28C6F483110CA1256F7ECAB8869C57C1CDE0AA2604E67076A51D7BB76A53EE3CF539AD1AA6DA92D72136ACE7094226
512,DE,272,0E008CD3C7B1D2226CA958FCEE8C26F90C3858FB12DE5D25A77638F6040E358720FEEC746FB035E9EF6A5DE98AB9018A6A7B15F4F4BBBFEB1D37393ACDB7E7DEBF0BA38D65D697279B683336DC26707969EE74764162A0738311ACC31667F77822AD63D72592C382D4796E19F17D9EBB68B2E294AB2DBB6DB66D7FA3EE719F1EE7004417
513,DE,272,0E8056B7390DF05A0429AE0BC30126F91876B8F3CD0E00ED70FEEF04941F6B37A99DD47CB94CF07A2E73BB618AD9D70A5A881CA4CA38C7B1C60EE9510037EA12AC6A2BCC45D9D0F149FFECEEBC7FEA4BB6C59910B4EDE7A65D32E8A43C67FFF0CD15437C2DCA71A2AA3E94C32CA61D932643B86C6B093805F7BDDA92EF31FF3F2641430D
514,DE,272,0F00EF62C62C0FDA34F3B748A2143864F94991ED139B810407CF9A84EF0EA9952AC6A4E6A4B535F75F0BC3E18EA20997ABF415B294A676C18F8ED7711EAE275DFCEA14EC5B4185B011877A16ED36DB4329CD64069EE5087BF414F8AE2EC6A7C04F2F83A8226F4F2AD033E2CAC125EB4C326C916320F3394896351B95FA8520E6D7244160
515,EE,44,0103020C00EC000800040000800B00000298
516,DE,272,0B80AE7AC746DFF6BB2E1BF5E359F3D167D73C91188EC204798C3A8CDB8E8E6520944F2C94098B26E9FAA9EBA2E5F605CD6ECB2C45DABFD8CE5E37883FDCEE4562E2CBEE9B598528A58E326646760986693DFD06BEB5718C5CC9277E8A142A70BF424AD767C7E6102614AAD2DF1497C1B76AABA1B075A32F929C11E931A9432BFC5843F4
517,DE,272,0C0034409990DA599B210A3EF8096343A0FE8F73AAD3CB8E6BFE7985470D733D2D353AF4828D6F7BF40C82C4A344488EABD313054788B6D08F8EF871DEBF1915AD6A350A3001F49FD83A3336A01FF34B97CA2BF8616DAB895C9198A73E55F35890AF5BA324D23E5A6FC46B54F0BD1E4B6A696464F1F1394DB4F0046B7E48F6666E273EE5
518,DE,272,0C80AAD78E08D95A8DDEA6DEA36D26F9C03659F39BF180213892B04E7431C27F28C4952C66BCF410EF2AF6118A83F047A1DD345C1486685096571759DD121916AE6A2B0D8A5197A058A431C7AC76EB4B39DDBAFE86CCDDF49E1A7884363DFB58467E4274229A85EFD83304CBD1D55CA6B76A43BDBA8DE6959654D313D4B100E95BDF43B6
519,DE,272,0D0071FA9358D8A2BA2EF8F4C3F9B91C67D754921A76004679C83DD514AC2A8E25E465BE6696ABFB1B7287F1555BFC9A1CE94FCCCB95E5B45CCCFB365C8D13EE9562ABEA90F45B208487336E2C51FEEE97CA5FF99E1D373EA21EBF79E9EF59804F2FC3A8236F89A5093BB5CC1D511DC396655C6B16E5C82D48BA382FEE51C31EE700437F
520,DE,272,0D80FF32876150474499DA0BE3518401B80F2E8B12D690418679BA060030E88FE51CE52067645445FFB77DE6C75CF605436C109217307550CE52E9A0FF89F68862E243E59A59C4DE5F5AECEE8C5EFA4328CD2507BFE5F7AC4C54277E761F2A70634F4AD7E449F75326ED64E5F17CDCCA6AB326E5AA2CB81C69B5F38BE729FE6CA6524327
521,DE,272,0E002F704633D1514E39482AA2000720395E50AAD387E2BC79F6310CDB77EB0F2BC4CB456E34ABFB071D8A61555BE4E52211EA23933CB3EECC8E6888DFE3E7E59D5C3B5045D9BCD258F7333EE48605CC70C06140BC6585745CC5F9561651E535B0A0045421FC75A24F3C6A18F08D3DFD782FB86CA717394DBE3D92DBEE29BD18E1F53FB5
522,DE,272,0E8071FA0366C25A16DEA7DEE753F37167D7A4920BD48A84A776C0D5160EF355283FEF7C26B275D7F62A8A6182DBFD05C06F1092CA384FA3CF06E98028CEE7459D5C291DA1D984F4595F1350FCEBE21BD4D575464B6232315CE987863637AD884F771FAE259A733626847A8140113DC3A8616784AB2538BD48BA216F31A9EF19E7584081
523,DE,272,0F006EF10741D00A400979F36378F989BF07495BCD0EFCFD79F6710C0577EB0F089C25FFE6B4742BE7DA7CE6215F17BE0AE11624163897D0CE56C2A121382BCF00F23BAD65D6516287777B1FED2E24C3A51BA4F53E96F7A75A382BFFE9EFDDC16C2717D6F1CB242375BDFE78D22D8EC2FADE44E47974B626AC3DDA631050FE6E18D741E5
524,EE,44,0103020C00F0000800040000800B0000029C
525,DE,272,0B80A1FE8D0DF05245297EF4C309F9296CFF70CD128E9049788E00FD04567C7F28C4940C6694B82FEF2A3A3E8A83ABC22AB167D415E0B7CECE3E98C500370A3CBC62F415FA0B4FDE535A32E60357FA4BB6C5850C7FEFE6FC5C92277E1E01FDF84EB7438F35CAA8AAEA8E4A4CB05A1A6FB76AC78CA275F06AB499DB635151DF6E38D84226
526,DE,272,0C001658AF3910D104D9A623F1A1D979C80E58C91E2785048C71CF0B908D3587B48ED57C6744FEFCDF728239CA53B4722AB13CA4CA389FA2CF06E98030CEE745B8EAF41245D9F8D258F7333EE98724C32935647EBF650A8D5D99D8FE7610B95D1B1F42D7E449B75026EE48E4F0ADEABA69E2996396F1C79A50B1046BAE3BCF6EE6D044AF
527,DE,272,0C80F2FDB739D00A0429288B3C89DD0B67D7F4981B8E4107389F30D500A66A07D6133CF456C454E3EF727CE65E5B38823171CB2CC5C9B7C04E39378817A8D6453D32313C45D97CB18777DB1F361FF243A8CE2517BEBCF35CDC9106718AEFC5F84CB743D7DB4DC0AA16B45A4CF0AD3B4458EA67BCF3DCC79A46B4046BEE14DF66E7D04246
528,DE,272,0D005002A7310FDABC8DA62BCB0126F9442B50F392F18721A776A4F5040EEA782A30C574A6B35FD7EAFAE9EE555B90FB2AE994D31215485FE984378897A8D64517320C3C79C65B20B88B336EEC50FAEE681D15BB616D83855C81E8763518E9584FA7DA54FA42573516B46B723574106A6862046D9B7D93457F9DFBEB2E5639CBC7583ED6
529,DE,272,0D80AEF27941F0526CA1D6B6F3580DDBB807A25B22B0808C0833CF0B308C3587348DD57C669CC6D3DF4C8269FA1E8DE12AB10CD415E0D298CE5E8E40DFEF8105BD3AC3C29A0115E858AF4B26EC76810B691D1636BEB50739DF590671D2EA0BA04E86E98FDB07A8AAC29C6A15582DF5CBB76A878CA275389DB14B046B362920E63F383FDE
530,DE,272,0E0071FA5F690FDA9CE179F33B3906299CFF1F7B13FA050C7A4EEF04C8BE36872824E9E766A4E0FBEFCADDFB56BF0222656114D89638B768AD38FB005DB7EC457D62139DA9C11420584FB0EEEC96B8437A4DE77EB4E537F46499D0663739E55990AFCFA7B5427792A53C6AF4B2250ECBEAEA6DE46B75011D69B5A39BEE397F59FEC04429
531,DE,272,0E80C54A17B9D0E2C721A6CBA009EA713A575AFBD28EB88478A0382D270E31762B34E5FC91B44C73EEEAB86182D3D70A6A9914BC9587B2586A80D008DF3F1D35856A0A9553288609187F3716D42605CCC2C5BAFE9E8DFFFC5CC1B876AE97FDA990AFF3AA25C2B7A166D46A1CF58C3FC3AA61E786AB2739BDB56C71EBEE7BB5CE2F6A4562
532,DE,272,0F00BC7A87EAD00C680879F347168F7F06606FF3ADF19421A776E08B3B1E07072F0FE0194BCDF9FBEF5ADC618A8655722AB9100535B8775B4E6EE858D01FE214B0FAA6159A4184FD05FFAE663626FB136DEC457E7E66779C5CC1F8563536EFF91526074FFA42E30508BCE7CCF13D73C336E2C9EC357DD715683DF6EAF320A56FE70840B8
533,EE,44,0103020C00F4000800040000800B000002A0
534,DE,272,0B80AAD3A73910D1C4C9A623CCA126F9D42851F3391680DA765FEF041071AA01A51CE50C661F7423B77A1A6117EB0A8AF0E10EA54FB1AD48CE56ECA1FFB726C63D0A2BC598F15B206C88326E33AED76C4145E8FEBE95F7273491A0F69E6F6DF8A72F9BDF0DC36F23A88C6A4CA92C91F36AEAEA6CAD2DB495B16DDB3B11A6FAE638D84391
535,DE,272,0C00AE05863991D2C4D8A77B275107BCB82FA87411F6F4C478AE4BCC0456964F28C4923C66940D33EF2AF4218A837DC22AB1DCFB15E09FA8CE5E98C5213853C8B8EAF410E96CACA05892ECEEAC42F3BB6F1D0B4FB7EDBD8B5F3D93CC246F678F4F83468F49F657D2498E784CF0AD1CB86A6266922DFD386B850EEE4231A97728FC58429D
536,DE,272,0C806DF14742D0096A0879F39F57EB796A28515EB8D6F049B97D70FE045CE7AFD61354F167F26C2AA6DA98389B735BBB23E9DDD37515E5E0CE0698CD1E3C6634BD33163D64D6A92759C92B3FDB86E1126AECBAFE0E96F7F46E09B0CF3F6F3C8F058204E725C207EFF93CAE31F1251DBC604725DCAA75789DB74CDAE3EE71BF57EF5043BD
537,DE,272,0D00DEBF1746D1F7BA2EA7F43C890504B857908C0123D2D48E79520450561C88771CB72C904328FB19FD57E8BEEB098A6B6115D514B0B788FC37E000AF72EE159462A3AF9AF28C9E1D92DEA4E9B6BB2749BD574EB6C9017B3A10D80E37515CCABA8C65E724C236A227C56B44F17D39F260E26264EDF0394DC6F0236CE9517FABE2D0421A
538,DE,272,0D8091FF58B9582704A179F36764F17167D7749E1B8EF0D669CC172DB93FE307E1E3C6D8B94C0416E6720353947310B838E91CFE0D116850365A7A0C4F8DE5E500F22AAD65D68D634DC7B16C33AEB70E7245FF44B64435F6D6ABFD57366C2A7073424AD7ADF876828CE468892EA5D1BF69EA2664A90C381D726DD92EEE51681EE700406E
539,DE,272,0E00FC328761432244F9D30BE351D501B80FFD8B12D6E0F478AE18CC04566A6C28C4643C66940003EF2AF4118A838EF22AB1393DE58168501A0A37883B8B864C856BF4157A2584B0198830C32C5EFB81515D66E6FE9CF7365CEDC0E6E9EF398C4F2F42A9246F777435242A32F0881F9D6772B86CEB093915F64ADA46EF77F7FE99683E82
540,DE,272,0E80AE6A47B2D03244F1A7DBE157F9E1B90950A517267E03A07430D405A7405FC0043AF402B0757BEEFA7C108BD3D70A56C53EAC46C6B57D8F8EE971DEBFF4C5B21B029D99F085A0197F3217ED2691726055A4F5FEA4F7A55B39277E6203FCF0B52FD2ED246ADD72E224B5CCB94914C368EAA793A1D8716AB299046BD255FF6667274547
541,DE,272,0F00AFD6436165C2EEF915EB22827901B807525BAF1E70B54969EF0418F2728728E4F5FC64B47AD3EE248EC0555B80D138E946D312146850CA5AFA08BCB67C77BCCA81CD0CC15B20A0FC333EEE879B42514D64E61EECCFFC83111485F46FA7948D27825C65BA757C3D156A1CF68CE34CC86867BCAADC934DCAAD1FB394B101E92DDA4329
542,EE,44,0103020C00F8000800040000800B000002A4
543,DE,272,0B80AE2A96902ED5D023A623E2A05321C8CF8F7362F5818C397E38FD05062E5F4004E5246765B0238BEA7CE6A058900A2A9115D2161508E1C706A177DE1A2215E5FAE8A493599528508E3AC7551CC0437F4756466CE865665FE6F956F237BC68652F4B853260777B2A15437DF825DC48288367BDADDCE695E65ED2EB2758FECE23003E04
544,DE,272,0C0099E20646D1F746F8A6EBE2506843B9FC94AB3C1680047A8E0A84A13F2302B90EE7036E65742BEEDA63688A43A98B2DB8150ED1E0AA48CC8EE771D6CD2578949A2BC599F164A118971B96EEB65B4229254D86961D07A45E3245CE35E74A7167DFFFE62C32FF102717AE14F3BDA05398D3D77016E5C9ECB64D57BCEE71662EE70040C7
545,DE,272,0C80632E8761741244F9320BE351A101B80F4C8B12D6F041E3C6318405861D7E2994484464DCEB4AE56A1F5880D21BF8E1E107D89EB0A5A6840E6A1895BEF53F366B38E1515096D652FDF07EA724E131E34F7F0A74E7ED82569A6CCA767FD5F8472EC3A8266F572A66342A34D12D86F568B257E4DE401105F6BDFB93C631B0EAE760419E
546,DE,272,0D00394B8F21D002D390AE7B7439F979F833C6C21A8685040C7510840471EBAA20C4C57C0EFC757BEEFA7C108BD369BB20E91624E8C2BDD8251633C2CC3FE53AB5CB19958827810C58AF6E5FE42646D3197D0BE0E5DFE47C2CEAFC573637E5F8F2BF33EF405C9C3A3DCE71361A3D1EC32B626697A87D3115F6BDD993E621EF6618084015
547,DE,272,0D80AFD2C75DC0523E91A673A277FBD405C720CB5F1080F37B5B8D1474361488BE5E58E416F48AF407B01A118A833047D7668729658C97C0CD5FE032CA1F887DBD622B06DA24696A58A23DC611A10CC769156FD69EFDF4AD54ABFE565B09F07860AD25E725C27754CB114C7CF1359DFC48BA654456FA6191B6ADDBB3A1A57F4F876A41D6
548,DE,272,0E00BF62DC08DA5A46295809E901C748B257527BE5F48A8478AF6AB61506B0353994D7B166B4B82FEF2A8331D9EA00820AD914AB4389BEC0C639E9509086EE45A152EB93C8688DB050C83136A71FF34B71756579F0DCFEE454AE9CB636378D884F77418F60F37F22348CAA4AB91414D360D520DCAB757924BE3DD6DBAE2EBC57EE484236
549,DE,272,0E80A6458741802344F9E443E309C348B05F11C3128EBDBD71E638BB443EEA071EADED7C59FC747BD6438B7982E48FF22AB124D515E0C4A8CE5ED470DFEF4505BD3AA8DD9A01F5D858AF3F72EC164314691D1436BEB5888C5CC98686363788884F773FAF259A575226E46219F17DE99468B23B95AB2DA85DB66D1BBCEE718D2EE700416D
550,DE,272,0F00DC028761902244F9BE0BE351312EB80F23BB12D6E6C478AE57CC04568F4F28C4651F66947833EF2A15118A83A5F22AB190E415E09BA8CE5E9D70DFEFB305BD3AAEED9A0144D858AF0B16EC76B10B691D7929BEB5BBBC5CC948E3365771884F7757BF24FAE75226E4FC34F17D88BB68B2E194AB2D2109B60D59A3EE71891EE7003FDB
551,EE,44,0103020C00FC000800040000800B000002A8
552,DE,272,0B80BE0A8601040E44F97327E351A100B80F8CA712D65AD878AEEBD00456325328C43C206694F4B610FDBDEE374B09B2D466386C9575485F8E815598DE8F18C298A2AB5865D6C527E567325612A1E583E9889AF1F86A4A645DA9067121AF753DB0A0045098527612D8337A8C71E8E24C246DDA7CAA4DC79ABFF55B2611A6B1E15AC83FFD
553,DE,272,0C00AF4279B6D29AC46C59FCED8E44E9B96FAF7CD24E004187793F03B99EEB3FD7135CB4E6018BF4FFF53FF98BE3F70598299461EA37A2577396E93020384D8D3DAFD41A8CDE393059CFCCE148EE7B8E96CA7EF9037DF6CCA31E653EB6A20A7F52A8FE4724FA88A5B07C6B15F1AD02B9F9D2B86CB32A7964F4B5FB839E161FABEF024636
554,DE,272,0C80A1F01F30D18A472946F0E35174F9B22F5123E0016B0EA776C8FA440EE9572934E7246E65F4231DFD94EA9D83F705F66E15F49533A720CED6E380F132A61510E22BED990109205A8F2B3661AEF83B6994BAFE7E93FC7C7414FF3BCEA22A70F75143D725920183F93CDE72D1251D4B179247E474F5953B69B57795EE297F19DCF441A1
555,DE,272,0D00867A8747CAF7B12E66F63C896507B857D08C1023A1D48D79520048561F887718B52C934328FF30F206177F54C50FDF66B8292BE0425F9D821D87E73039CDCD7C35CDAA515B2034F931F6DC2EBB25594D557EBEBDE75CA3C9C0F634F7CDF00F497BDF1DC2777A22146FC498A53DC3689493418B75396B5E98046BD257FE66E6D03F34
556,DE,272,0D80DE0386310FDA70DFA6832384797167D7609D1A7680D4A7761CEA0CF6C20728141B0C4EC4547BEFFA7511AAD308D2F5690CC21DB06850DA68E000003732207CE246ED45D988DE59F772E6E857FA4BD4D59446BE750631A45C277EFE52D5F0CF505C7BFA42BB0738E442442EA5D5DEB76ACBE1A9ED1115F653F3E3C629FF36F7F04434
557,DE,272,0E005122B731D2C274A1E615D301C979B807545B1706940C40F630FAF0A3D20728E20DD9B94CC456C782E739B878FD05266ACB2CB185F788AE1E37887FAAE6158D6A2A0DDA3DB4A8AD7806E8DC2E24C3F9286C6EF792F3585CC10D567609C5F8BDB05787CB6177720E44B5CC8958524FE8D366F4E4F9392CB72DDAB2CF31B0EAE7714340
558,DE,272,0E80AF6278610FDA24CCAE7FE351F8F119D2AE6C328E01F37A5A700C0676CA0FDD1336F6B94C4046AF2AE271555B30F76565949514A0F85CCE3FE910DEEEC755F2EE2BBC9B417BFC87771313E822F8CBDEC06526BF65897183113CF20E6FF48F57839C57F5DE777317B46AC48E5D25CB6C62C16B9375386BBE99EAEBA74DCE6E38D84402
559,DE,272,0F00422695391990CE9B57D9E377F8D5B8DF5A73CD0E5CF07CFE30DCDB8E326B209458E497F420E2C2E3725E031308D2A76910D41186B400CE8E6289D23EE034B0EB29ED9AD1F3225A1F32BEECA654C16E7B40401CD32874648D88FE373FF7596811435F8940A8AA5640681439A51DBBE8B2AF6CAB0D399D76B7DBBCEF81FFEEA3DB4396
560,EE,44,0103020C0000010800040000800B000001AD
561,DE,272,0B80AEF2C5BAF0649B21EA1FEBF126F9EC2B1F7F92B78194377A30BD0516EB5EE01CE51C29407452EE6A7D31555B34E622E564AC16E8B7582DFEEA58DF3F06B51E5CF415AEB55B20408B337EAC51EFEFB6C56102BE1DE3A45833B89AE9EF0D9B47D74D4FBC42775226346534B1AD8DBBE16A6794E4FD3866B5ADDBB331A9270DEFA042ED
562,DE,272,0C00ADAA88B3F063D921B62BB289DB113068CD7303F680F2715BA9040476EA8F27E4A5FC26B4FDFBEF0ACDE18BA808DD0A41CB2CDDC3B6C0C778F3A580356CCFB7EB2AEC07D980F8C9CD31CCE6A7FA3167DDFCFEBE85F67C53E8B97626167C704F478DE62FC235A2A6C66044BEAD1CB0E8B366F45FFAF192B665D24377A9FF1EE7D04BDE
563,DE,272,0C80A102C7B15022CD21A60BAC81F80A67D72088129E2D0C788E3264045EE3AF951CE70CDB4C7413674883C3E7BF02122AB41C34A838B7A87386EA60578DE7E7D0062B0D9A0439205E8F9EA44414F2E9F0C56506BE65F88C1C195886BFEFF58800A742A4D14DE7AD26EC63E468A51DBB68626894EBFDB96D3FB5DB93A1A1FE1513D73FFA
564,DE,272,0D002CFD8769D9F2DD21A60BE381F601F8DFD08B9B0E80F4377E31F7A0C4AA8D1DB4614E676E101FEFEA82353CEB898B2AB80A0415E1B5200D07E85B6237E605BECAB1AF9EF385F95A6FA954EC85FA1A681469D73F1DB504CDABFD5492A5F5A448860AB3A43A73B269346A3FF0BD1D9AE912DC65AB02069990E224646EACFCFEE60142FB
565,DE,272,0D80A64475B61BDAC4F96EF3E771F9F1C6D5CDC3E7D7818422AF718C740EE9572934E7246B65E04BEF7282188B8B0E23FC6922D4553037C80886DE70DE2FEFC549E05DA492598428A58F3B66E5E646D399B275B3BEB57AC5549975CF3E67F4A84EA7BB54A4F2B62B27346D35F37F16A372E02E88AAFD3E6C773CB3DFCE29FF18E5F447C2
566,DE,272,0E00ADF262B8D4C22391A773E2810400B95F70F31206FFF458FEC50B338D1F881D1F9944934325F852E292518953EA4B2B18D65C8482B57A8762E9F1AF88E74CBD332F3C9A00855959F67A0AED278B7C51886140CFD8DFE49D94F8AF32C6CDA84F76025DAD887DB2A6AD6B3AF0AD12BAA8206664D0F6130524B5FB837CDABFECB2734363
567,DE,272,0E80F441154B90D009CA3C49E3A3E34798AF31FAF07680D4580F69B4041E8AFF28C4858E29428B73CF8882316A21A8810AE0A02D17C0D7297A87EA707F4ED788FC92EA065B20CA924AE7620EE54B323328BD65F7B094B50457602B9E3D96BE00D515437736FC3CD2AD4CF976F18F0EFDE3126DECF911331D64FFD1B9EC8AFE67AE3C421F
568,DE,272,0F00AF73F706D0D34AD8AC82A8F92B1BB2AEDB03C0EC8A756A933A7D96C43877E264E52EEC343BF51078C8918A81027320E115AD5CDCB6D9BE39F8C49E4667B40DE33FFDDBA0B09151E7FA6BEC7FE2EB28B4E78F378FFE3E1E90487F3627218F4D82C8ED2B607DB2B2C368E1281F14616D7267BDABD8702FBFFF50D1EC8BBDEE672146E0
569,EE,44,0103020C0004010800040000800B000001B1
570,DE,272,0B80EF738760D1535465D64CE37179E0B8CF08A712D680F879CE7FCC04569C7F28C44B0C6694EC03EF2AD8218A833CD22A9996D415E036A8CE5E6F70DFEF8035BD3A75ED9A01D8D858AF6B26EC76A20B691DF206BEB517A05CC9E88E375747884F774BA324FA67422784AA34F17DCA9768B2FE94AB2DA36DB66D49A3EE71EB1AE6604402
571,DE,272,0C00E2268601000D44F9CE0BE3518931B80F608B12D6E0D278AEDCD004566A7F28E4E50467B4DB05EE02BD168BAB8DF52B99ADD314C88F1DCB38E436DFEEF17FAD72EB659A09840859AE265EEC3ED3BB41B5642FAE44E6E4956179C434CDB59267D7424F259A5FD236AC2A4DB1AF48EA20D1E79E8B8D338D47BA4E69E41BF55516D74218
572,DE,272,0C801BFB76B6F7D86C59A42BC3F1D989BA07515110D6A07478AE024104C9065328C4A92867F4347175A55722E663098A2AB8150514E1B6D8CF5E9837DFCFF6803FAA2B4591D1AD2118AF9EEEEC56F81BE4C56706BEB57A745FE9FECA36BED5CE44A76056A59ADAAA26C46A9DD11B164B746B7429ABB23961B70DE326D61CB0EAE76042F5
573,DE,272,0D0086629761F8420B2D264BCB11CD4DF7DBD0EB32978904817602B4050EEB8F57E5E47C29407453876A82318053AE0D2AB11F245C39B788C48EB78F6FEFECC5DDE52BCD90D1E127177BB376E6A691C4691D6FF6D16AD3C15CC8D0C03DE7F1704F760C5FA5FA7DA2D93B6A15D115174B936D67B5834B339D41B2DBB2C617F5EE14DF42D5
574,DE,272,0D80AE239C09DAD2AB26A62AF939F2F114D750AA0BBE8B04D07628B4440EE9572934E72465657422F94273E6D65E1DBA2BF95DDC5CC0B6C8CED6E3807137A9C13D6A86159A2187F8D5773116E87676C36A3D65AF9ED3FC7CF411C93B36A8E5844E1743A724FA015226E46A18F01D1DBF68D26798AB4D3929B60DDBABEF11A732E700412B
575,DE,272,0E00AE268601C0C24439BABEE2D9F2F13CD710ABBF0E84F47BAEBD040276EA5FA51CE20C671D624BE4FAFDE99CEF688A29B9150417E8A679CF5FE036D43F87CDAA3AA6159A218BF8D577321661AEF93B681DE8FEBD95F72456194A793136F4A8BEA030512CF286A5243AEA1400AA294508EA64BCAADD3B45B49CDBB36EA2EF96F49D438E
576,DE,272,0E80AE0E8601880E44F93A03E27989B43A9F5A7B1509CF0078CEC10B528BD03329C5C54A6C4414FCEE2BCDE10AE30202716E15F52388BD589981E951FF89ECC5EEE52ACCBA678E2817703237DD1EF1CB22C264278EDDFD7C1B16F9A7195FFE784BAF428E0BF27CA2263C477A81251E93694265BCA8DC384C9D052A645AADD556E6483DC0
577,DE,272,0F00EFF28640D1424471ADFBE589B6F5385FFD7312F683D4F57632FC4C5667872BE4C740661D5445E5FA7DEE888368930ADC5B209580DFC9BE06E958C01EE69DB7EAC012DA012920588F303661AEF93B711DE8FEBD95F72574AFF276D0E8F52045A79850A59ADAAA26C469147CA51FBB20B2EA6CA80D39C49E0BD16338AE03E974DD45FB
578,EE,44,0103020C0008010800040000800B000001B5
579,DE,272,0B80E1F60711F0433764A627E231F905B86F508712B680E078CE30B80436EA4729A4BD2066947427EE4A92F18A4308FA2BD114D81480B712BE3998370037822CB56A2BCD45D9E4C150FFECEE6C5DFA4368CD9807BFE587CB83117C9F7E6E7FF15D5E014525A8FD232CBD6A3DB1B71FAB20E3AFECB9047B87B65FD1E26429FF17A7CA4158
580,DE,272,0C00AC124F31C02BCCA9D64C3C89A908395790F312FFC01E799EEF04986DE20FE856954BB94C040AEF725DE97EBB028AA88986661FB04882C2A2F858DD15EE4DFD06239D45D908D158F73A6E6D14FFE9617B1541616D8B855C9188C1E9EF8D814F7642DF64CAF622E7B4B5CCA1561CCB29E2E6E46A7D492AA6F82DB331A9AB07EF50424F
581,DE,272,0C80AE2258B9703A4CA979F3233BD979B8DFAD8B32868404AB741084847110AA3859C8E59EFB7345E34C975711E547022A99B4AC70E8BE78A856E880544F961DBDEA8F6DEC098428E20FD6F60D2EF3326B7BBC40BF65F88DD5F1B19A7F52357A9FD705E974A62E17251E6AC5F0564241E369D5D2A7ED3B9DA2B0D1BB6EA33E9EE1CB4435
582,DE,272,0D00280387AA91244E28A701BC8B73FB626A5351080E87F456A6DC2DDE33F7AEC89CE5FC69B44545EF2288C149E50C122B7A95D644C0BC59CF75B78A543465704BC14B851B634428C40F937E64143BCBF1BD23F6BED5DFEC5DC966663CE6F48210ADC955F6FC79B23C3C6D34F3ADC44762BAE7662D8D3F86304CDB78AF57F5EFE62A4281
583,DE,272,0D80F1F80DBB1A67AA024673E381F60118C45A8B4AB2404678A63A2CC730EC9F2E0F630D28B47FF2EE01DDEB01588BB7DC4A74BC9382D87B6E165832B31C064DBDEA24EDDAD104D81E653376C436B4CB683504E65EED74C90238BEC08451F86849BCC5AF63BA6DAA21C468C46BA1E2932F42E18DA1FC3867E9B751690E297D5BA6FA4138
584,DE,272,0E00CE7AEF693BF372D84AECA5371879B9DF5F8B4AB3B42FC36521E335A55839F2A1D5D67C4C7303EDFAF9ED758B20222A7A12C21F31B6A29184628A2F28A0735D622B1D9521DC9D43548150E8B67D2263CC640CE16F7D7686ACEC5C566F9DA04E8675AE275A71B9A0C42C34EBA51ABB6A62306854253DBDD735B3BA0981F53602FB3FD1
585,DE,272,0E80EE448EA1B04AC29BA3D843194943BAFC7EEB5D0681FC38C88D14F6F9C796D6A7E04AEEF26045F14CCDE18AAA900A2AE12C9239E8B079CF5C96D1F789E4C5C8E62BC593F4DF3862A734C7ED74449A417B67F6D569F7A40E3DBF9A363BF558304BBC1D25953C822C58CD76B98FF9A0F06A6694CA2528BDD265DF438679FDCE8A08495F
586,DE,272,0F00B1D2E1A1F3649F6B944DA237811847D8977593B0DD14079254E2E0C4EA532B341ABE1EE9542B19DA1AE989A3A8B00C42EB6622A08FACFE1EC868EFAFA9C5BC136C0D9603C59E582731E693AAFCD06C35F8FEBD95F77C53EB65277651F7786AAB4387066FEAAA25C46AC4015D2D937E4365B633AC792BB4BDC36FEE79FECBAF664498
587,EE,44,0103020C000C010800040000800B000001B9
588,DE,272,0B8086E21AB9D32266E12BF3E0718F2135D7528B7AD60D0C798E8FE0A068FA9F4DC468F464B4102362F283118343950A2891992C16C0D2884386EA70BBEF6BCDBC1A08AB4193B69E5826CCA4944F04CC01C3E440F6D34A64A26A277ED21074F14EA79CAE69936A83F93CF62DF8D51692694898B4DB4AF814B7BD0492AB78FECE18004312
589,DE,272,0C00DE45863BD1D29BD8E222E2A10621C86810F112065FF436A6312CFB569A3822C4954B229D79D230F2DE08832B01DB2B4BEBF4658777D1CE8E377091E7D0E4B53A5BAACA08B60987770F0FE5DEF51268E79A26CED236F55D1927877D3EF458B07733E824C076A2F9C53A1DF08DE29B18D526EEAAFDE66CF764DA4311718F59665A4312
590,DE,272,0C80AFF25840820B4509592B9336387BB9DF8F8A53DF812487AE40BB040DEA8FF7E4A82467648B239F4D8F31FAE4F7D25AD614D415C09BA8CE7E378883C7E64D3D1C2B38EA66F46D87778F5ECDDEFC1212E6BAFE52C3DFF45C192786603F8159E72F435FFABA227A3815824CF1ADC2BB2BBA0D458374399D694D88BB8B80D764E7D0427C
591,DE,272,0D0071028C68B0F99B212623AA59F8D1EA07565A1BD69084A77644F405FEEA5C0C04EF2C76C483E4AD22CCC062DB0802F59140FC5C119FD1CE8E377092E7A2E4D5632B1D4521C0F0675ECCE1AAA9041352EDBAFE8A8DFFFC820E70DA7F0B7C3AB07E4376259B567A261F31282EA501937EEAB86CDB25E2DF050F3540C8D17742AE3C4057
592,DE,272,0D8027B07868D0FB44F88723E0AA8954C833700B1B165F0C10B52B849C3404AE3804C6843EE12C1FCF8A0A4DC3BF8140D5B8140D15E197803DA437889BF4FD4D2558D93C9A01A55010DA43ABEC56C13B693D4B06BE95C7D45CE9E833E9EF55C14D7663E9274A6DAB25E54A72F3AD0B42B76AF79DE4FDC65CB4258AF3EC39AE7FE74840B3
593,DE,272,0E00EF6058B9502B46B1F76BE119A860B84711E9CD0EF4FD79F6310CF877EB0F28C43AF40EAD7C7330F2EA0882D3D70AF6881CA4CA386BB1C60E3788CFD3EE45ADA71B5945D9C0D159F7ECEE247FEA4BB6C5591FB4ED28749CD0E2F6E9EFC1A15C2F9C579DF35422F93C7A0EED25C24320CE4BE4AB293D1D960BD3E3FE21E76ED79C46EB
594,DE,272,0E80DE4558B9282B44A179F31768F17167D7A482128E5F0C3494388C74313587C8EDE574B94CAC1AE77A5DE9B2A9088AF569C0CD1DB0C7EF1186A47ADEB72C32AECFF415DE0B96508A883DC3EDA6053A684DBAFE129CF7F483115C9F3E672A704B5D43D7FA42D74B2EB41A732EA501B1276618D52A8F38E5F9BB25E1FF11FE9E38D84200
595,DE,272,0F00AA08863991D245D8A77B933679B4AC0F8F73EEED88948779D8030556E8C2F71C010567CC75F3110B83618A83D70A66881CA4CA38E7B1C60E983700373E2EB56A5BAA45D988D259F7F911EC828B7C7989BAFE92BDE5E4831104BF6D6FA1F16C179C57C5F1542274BEF076F38D1C4B969366E4BBB1492A69B5039AEF297519E7F44280
596,EE,44,0103020C0010010800040000800B000001BD
597,DE,272,0B80DE4597F50FDABCFEB4633C893138E35704F631B65F0CD4C5138C5608703D2A34E4FC9BB57573FFB6F256555BACFB2BE95ED31514C7EFDECA37881BE8F45D9828F4150A18DFA04CF7105633AE83704A4D777F24D7F55C5D1903873767E5343F109C5749B3762A2CC36AE1811A0D0FB76AF3B3B965E695EA7480EBBA28DC5E38D84122
598,DE,272,0C00EA49A4318258DE9BA4DBA281F100B95F403762B15F0C40873184CE70EAAA58A3F5B8B94C1424FD625DE9A29A538A7EEC3794CA38A7E3ED0EBA0E458DE4E5FCEA3BEC9B51946428C8ECEEE85FFA43E33B65D3CED2E7388311D4A1247FD0BA90AFB7977EC2632A0584B5CC29173ECB7AEBFDD6A9DD789D964CDAE3FEED8F5938D84996
599,DE,272,0C807E0A86391A25440DD64CF3C526F9480942E3CD0E40CCE3F6A485273635878CAEC67CF4CEEE41EDDA83E174A209823A2D6493CA382BA0CF066277DF1B9672ADAEF415260796B08777BF2E772E6F464A7DBAFECEDFD4FCCE9762C434C7F478B25642DF35060715F93C023CF02557BC684617D3BBB9E6953E6BC9FBC86320E6B31841F0
600,DE,272,0D00357A9339F3629B219A41C001EB78226D525B13067BF579FE20407431EA7F28E4760C6694E203EF2A5DE9AEAB098A209614016587A71C1186A456CDA739CDA922B0950E58A7988777CF5FCF266941F37F67D6FF65FF8D5D99E83A4650F59B4F779C57C9BD762AECC26AE1811A0D0FB76A73B2B965E6956A7A40EB7A2CDC5E38D83F3C
601,DE,272,0D806A4BA431425CDE9BA4DBA281E900B95F403762B1EAC478AEEF04B071EB07A2E2E5D916F364B730F25E3498CB2EC0F569B0E38EB8A3D0ED3E37885786C545AF63B1AF98F1C528788E3266FCEA8B7C693DF106BEB51BA35CC9277E4210F4F08550437B55FD67E6F93CF211E335C2430CA5BCEC7F741A2D69B597DACD212D647D624656
602,DE,272,0E00ACD286B12E2345A9B6B7933626F9F82851F398F1802008C92048DB8E8E5A3A8C3AF45683AF7B3B77A151555BECB909E1C6AA8F82B578CF8E1571DEBFF689CD5DF415962685A0128833C29C11EB8FB6C55523ACFDD0BE831104B0ED6FE1F06C179C5789F1542234BDF076F38D1C4B939366E4BBB1492A69B50395EF29F519E7F544FC
603,DE,272,0E80DE4597F50FDAB8FDB4633C893137635784F231B65F0C00C5138CD60C703D2A34A4FC6EB57573FFB6F256555BACF42BE9DED21515C7EFDECA378817EBF45D62E2BFDB415950A57BCFECEEA81DD84BBB43FF44BC45B67C54E8F9F626AB85CF90AF33A924C2FD5426111A73E1E9C243FCB675FC8C3FE695EA7B00EBFA29DC5E38D84883
604,DE,272,0F00BE49A431C25BDE9BA4DBA281F100B95F403762B15F0C408830840357E23D2D343AF402A07E7BADFA861380D3080212912CFC101168509E6AE0089F3FEE35B56A5BAA9D015B208C943B669C118A3B691DE5B3616DFB865C61F8AE33C7F7A05E87447C2692608238246A142EA5ADA060E27E74A4FF696D69B57F88E729AFE6C6203CCC
605,EE,44,0103020C0014010800040000800B000001C1
606,DE,272,0B802E4597A1DFD018D979F3736AF079E8D7718B92B18714777C5CFCDB8E6A64219CB5F447B4F44430F2F61A8BDB41EE2B6113D514B0B615CE7E6D70DFEF161ABD3A73C69A0147CB5987C405ED5ED02F68350412BF9D62985DE13192371FEC9E4E5F80B824B2884627CC5921F0557AAE699ACE81AA05D878B745C285EF59E608E6284315
607,DE,272,0C006D158649893445D12B1DE2793817B927A79D13FEABE379866FEB057E7F6829EC261B67BCABFB0303836983A508265AD62460CA38A7BF4E5CE2000037C21CAF922BC79FF186F2445F3DC5EF7CD5EB2BDDA84CADEDF47CAFEAEBF6E9EF01AC5C2F405FE5B964227424B5CC25740FC3FA952A4174F5E944A4350995A684EF3CED50413A
608,DE,272,0C80EBE258B96C0B56A1340CA3A426F9000642F3CD0E40C0E3F6AABE3CA735878CCDF77434B247D68F288861BA43D70ABAB806AC87C79C7D11867859CDB739CD292EF0950063A70987774F3FFE2E693D77E81524B4E5EC6C831194AF246F268E4D82538D2FCA64B2F93C0A0DEA25C2430CD6C2EC364F3DBCE44BD246FE73F56EE1C04105
609,DE,272,0D004A7A2403D3F3D6DFA7DEF353F371B15751FB224AF0B3788EB7FC04567037289C3AF49AAD7D7BA60C82E186A3062726B93405CA3857A01186E069D6B76F32BFCF53CC9B51F49F48AE32669C11F7136DEDBAFE4E9DF7F49CEFF453E9EF4D8090AFA3B72CC2FE5524111215F02D6DFC78B366E4DB4AE6952A45DAEBEFA1781FE650469F
610,DE,272,0D80DE4587418C2244F9333BE351D531B80F2DC3128E5F0CF09739844D70E7AAF71C911466447803E32280C09A8300825AD61CAC153030A8C60E9837DF3FEA35B1322F3D45D904D058F7F310E883EB1BB6C5211EB6E587CB8311C49E3E6FF578C8574BDF55FD774026E40D7DF9251E9978D0584474F5554AA4C5DBB9EB81AD00E50A3F6F
611,DE,272,0E0080DB555FE3F27739A6FB1071F1717A28525F520684F470FEFDB4060EE307E3E3E6D924447301ED7A80F18853F0F028E116AC57308FAACC0E6177C41AB27CB4622AC499F08628AF8E32669C11F9126AEC67F65994F6FC2CAEFA76F116F4F83F109C5795BD762A2734ED35F02D6DFC3D75E9737CEB492A8EF8046B1E1ADF6EA6D0443C
612,DE,272,0E80AF07AF0721D53827A623E2A1D9798A923895D2443D1C4ACEC10B76C8358760E8E48429428A71FE4A83918A8289702B19DDD3E915C7EF4ECB17872F305BDDBC5AC70A1A947B2FAF708EFEED1608DC691C64E6F7893E3E55C0FC5CE9EF4DA1C50BD3EDD36B7E7B27156A14811AC2439499376C8A0D492AA6F8D7B331A98304EF504015
613,DE,272,0F0071FA6B0A200264A986731286C0FFB807515A12D6904958F670E024062ACDDCCC17DD7609F4B630F2D60B42D3D70A169D15AC543087A9CF0EE880FD315BDDBC5ADF1ABA9B046D87770B0C242624C37531647EFF65A78D5D99F87624E948604E17B7583500A8AA3ACE6A4C315B1E6EB76A67982B75492A42BACB29EE51F333E7003B70
614,EE,44,0103020C0018010800040000800B000001C5
615,DE,272,0B80522E8761D00F44F93D0BE3516031B80FCABB12D65F0C88873084447E7A8F2FE4E5DC6854ABFB2B0082698A8B0923DE66CD6D05E068507A64E1085E8DE7E649EDFA5445D940D158F7720A25E4FB1269EC43E6B2A5373E4C5C277E9A5ED5F890AFD3B52DCA86A5EA39B5CC714714C3E0D06F44A34BC89A48B0DAB1CF2920E6AB2C427A
616,DE,272,0C005FF5F3BF6DCA549952FC5FC86231B80FCCBB12D616C478AEA7CC0456724F28C4DDB9B94C204AD92AA261555B4CA827B13CA43DB8465F6A833788EFD5EF4D3558283D9267752F8E7231F6C42EBB27414D4D7EFE89DFFC7C91B8981667353A4F7FA47E49987B73F93C8E3F00AA2245D57A56D45FFABED4B64D7AA3EE71661EE700403C
617,DE,272,0C80310287614A2244F99EBE3C89914B9856507B080E5F0C88D6188C0477C20F489DE5FC744C5D7BE749AA618BE5F7DB2B4014F4277D8181CDA55598EE8F12C2EFA36BEDB25184F86A32B3A3EDA6D2C6B6C5451CB6E508A45F38456E3757017F0DEE411225BAD75226E4EA810FAA7B446B62C16E74F5B967B6355B941684FEA3E7204051
618,DE,272,0D000C0287618B1244F9B61FE331C1B467D738911A8685D0A7766CA60456358774FEED7C4ECC74F3120AAA6189538008F56944D815B8B7AECDAB5598EE8F12C2F8A303951A26750D3C91D7A4EC7A1EEA5880F906BEB5779F5CC9E8333633F7684CA72D5541A6477EDC1F7A8909E819FD62B265741FF6C999FF531221ED7806C42E923FC9
619,DE,272,0D80AC2B839BD4C9C0D9E20BAA6D0EE667D7B0D318D6A8848979C3000230C20768F8CD7CA60685F403F682FA8C8500D202E1E523F33CB0EEE606A86CF7BF26874CEDF4119ACA83F85E7437E75DAD0BCBE98F97BB616D4797131D78D4363FF458453733E86FDA0715A77425C20E2DB0436A92B86CF707A995356D9BE96E4972E6E62043E2
620,DE,272,0E0071FA234D105A04C72BF3E371F999F7C5A08B126680D47F6E3066862AF939F3EDA6E624B63657AF1692397F7009425AD614F4CA38CFB4C416BA75DF1AE715B47222E89BF4C4285A8F4351EC56660B691D55B2616D67965499F0A4E9EF31824C2F9FA67EBA74222BBC6A18F68C31BD6447B86C1B471D15D50DD8E3E8B1D318E3F44186
621,DE,272,0E8071FA270BF45A2799A57B8871F271EA31823912DC6325A776ECE40E0EE88FD6E6EF7C66CCABFB5B36996912E10A22686115D41DB08714BE394A40DFEF1681BE3BF4155E2BC6A098AC2954EC87FA1ACD77768E728D2874E8B3D5FEDB1EE6584F729C5759D640DA313C6AF49419F009178E5014CF139DDFB6612F4251E3C24AAF3C416E
622,DE,272,0F006E1A97C1D0C25059A62B13CD8946B82F408313B629F478AE0048953EEAF7F71C8D166CCDABFBD73687359623147A4FCD768077DCAD28E438A86E5F7DE61D48CB1B51EA6636D858AF23A2EC7724C3510760E6B48D239438912CD27F0B7C3ACF1D5127B4F8828936781A732EA541B662B36614B22C78EDF7BF53A26FD1C83F26A03E79
623,EE,44,0103020C001C010800040000800B000001C9
624,DE,272,0B809C2386C0D2030558E9FF75007880AC0D920A12D482766CAC727E1D5468FD1AC6278E67373580F62B03929BE5C9715AD6CB2CD1D7BFD8CE5E37881FD8EE4562E29FEA9B598528A58E32669C11B9C9784FF444BF46B57E4C98B7724C65A4CB465C035DC6F8E61020176016F32D0DFDD96997646BBF492AB36FD9E3FE174EE517D0412E
625,DE,272,0C006EB0F706509744F879F3BF7AF8F1BDD58F734AFDCF0487BF32945516E8177985E56427D61421EF2B5DE9CEA809022F6D18F615E16850F275E9802034E61562E213F692515B206C943B6633AEE336684564F64094F6FC5D54783337362A70475C425FFE43A8AA3ECF25C40E6C1FD339F265FCFA6C3905F72FDBB331A9F705EF504068
626,DE,272,0C8071FA674DD15A45295B0AE201F8BC889AD73BCD0E74BED90731080423E8EF28C4E69CCB4C640342F296118683A50A389114F41550F85CCE0E4588DBCFE61510E22DED9888A49E517FF2EAECFFDB7D60CD98FABEB8F35C5DC8D8C03FE7F0754CB7438E05FC7EA22639B5CC5157C243C8886EFC1BF6C89D06B85BACEF82B0E8185045F3
627,DE,272,0D0071FA775DD842436996B6933626F904248F73AEED898C79FEEF04BC6DE30769943AF4B2A87D7B6E7AF256555BA8F92BE9CB2C89EBA6D88F06378847E4F7453D62F4152E3D8CA828C8333633AE7F20614DBAFE3E8EFFFC8311589A3E6785CF4F571BAF259AE7102515F376F08C1C9B18D567B4DB4AC9D9B668DF0FEFB192020A9241B9
628,DE,272,0D8071FA7328E65AF19BBED13C8919688E47566017E0B79CC0CCC02D731E533DC535EE206F650378EF2584C18A880C221CEA8296F61128EA2FAFE950DF2FE6154DA65BAA6A9584FD5C1332F6814A1689B6C5496A88ED42CE4433277EC67BC3E049BC46B912D2CF10D6151D5C481FF06A63BE6E45DC763942B09DDBB8EA81C965716240E2
629,DE,272,0E004DD3180331F345F9A6EBE35109BDC868E28B12D6F8F478AE084908301488E218E04A46F28AF429F68157A0E5DCBA2BF9C69C15A8B6187396D830DF3F188EBD1A5FED9A01F7D858AF9416EC76878FB6C5D55D15ED7A745CD994FEBBEFF4C8622FCE5727EA7774AB3C69542EA529D65EEAEA6CAC6DB495B01D566BEB1172E6E3104634
630,DE,272,0E80A528BC90D0B8042B79787933F7D0B80D52FB508687D6FAFED8DEC606EA5F2094AD7C6194FC73172A4A61BE430FDE3C40892C15E0B5583E7C085ACF1EE617BF6A699D1E51192058AF71E6E454394B691D6D76F6E5F0ACD49907A6FE67EE684F7541DF67CAF322BB3C6A14332D1D9B60E22FE4AC2DB11D766D13E3E2B1F96EA250412F
631,DE,272,0F0033FA8361525280A9A62BEB01B171470FD8FB12D648840B3240BB0476417F28C4720C669459EA1749855702E508D60CD7CB2C5158A348FE7F3788EF97CF5DF8024085D879C59E60C933E69BADFB136CEC7524BEB4DFCA5D19887C520B8394B9E5DA5725BAF110C01F681CD8861D9DB76A9BC3BEED6B7164FF41D1FE8BE91FE1CB41F9
632,EE,44,0103020C0020010800040000800B000001CD
633,DE,272,0B80A20356B9D4C2FA28A60410A1E923B9DF0C7102D480D550E600E40586A48516A27CF466842C1D694888CBFDBFF740FF691414192BB1B88F16E8592F1EDC7366FDB2159A21606AF8CD30C5EC4D72C3693D67E6BEB57E745CE9456EC794D861B71444E9ADFC77760082B5CCE1C7095B5893B86C13511005F355B0FBAC09BE58DF664253
634,DE,272,0C00AEF29CBAD00A4108B629E350D147B9DF447176EAF6E88E3CA90404766C3DCE3FE7244F6F742530F2064D9F435AEEF8238E96051AA1A9C895E4710E37E2D503EB2BE269F194FA597F33ECFC74FB1A4155551EBF65057562AF617E3627AD96C915497552A688E0F33C6AF4FDB61BAB29FA67BD5BDC032B6DAA426BEE511BAC47624082
635,DE,272,0C80ADD1875A59DA44D9A4EBE35170F9B82FED63E3751CF378861D15F437EE3925A2E52AB94CA075EEEAF40D7C11308AACD3190E25C168507A68E1189DD7B55DFF4202ABBA677B2F1671333E0186AADBB6C5FD80BF658C745CC1F0567651F478CFAF4387266A777366826AC4B0A21D9A28D46664C9F50015370FDB48EE77CD1F38D842E2
636,DE,272,0D00C2148C2904724FB17513BE11FCEBBC2C5CE306EF239473E6E3E4DB8E7E340C9C410B7461ABFBF347A76997D0F7D127F941CD7EB394D0C216FC697CBCEF5DEC02E19698D17ADA92FC3DF6EC72E7484A7B696EAA8C94FF5081EC9F9564FCE01E4F89D4274A8950ECB7534C701F1C61208E5FE416E5C9ECB64D5A93EE710F31E7004638
637,DE,272,0D80422D8761572244F92A0BE351D4E8486E54CD1FB080D2A776548405969C63DE56DD74E0F679D9DF0B5DE9AABA019A688947BC57989EEEEE3817870B32E61D50CA7A0D45D9205D597F32EEEC7EF3EB297B64F6B86DF7A45F39FAA77651F57888A9418E65FC77A2CE3B534C701F1D6068B4559574F5E175BD250FC3E5392C06BA404220
638,DE,272,0E00ABE88342DC4A50C0056BE8192A1967D7F0C1368E24F36A5BEF042C3ACF0735971A2F6BDC211A8479A16986CB1CEB89E21DBC44D87DD3CC8E167215BCE8D5BD3E379EB96788B04C965065E03EEF22CA4E6C6EEF8D3DF75E190684FC64CCF0CE1542756DA64F229B2C9AB5F15D90BB68B2F4A4AB2D39D835FDDB637AADFF36E2F042CA
639,DE,272,0E80A52087E8D18ABB2E47F6E791E423B8865123ED015B097916EF04A86DE21F287C3AF4CEAF7C63EE92828882E3D70A8A8A1CB4CA3853A311860C6B0037021E62E2DBD481591FDF5F5AECEE946DE0437A4D9A24B4E5F4FC5B54F8A52567EFCE452752E924CA70EF26C47A18F01D69BC689AE594AB2D6146B66D046BBE5A20E6AF3B41EB
640,DE,272,0F0071FA276AC25A96D0B6DBE353F371F25F57A998865F0C34AAA385CF06EA5C2B94A67C6197F7733D734061844308D020E15EA4CA38C383DC066200DFED2C45BF6A699D650306A858ADF166E53EFB53617DBAFE428FFFEC5CC9277E720CFDF890AF7FB42DCAA8AA16DF6244811A05BB68B26787AB2D486DB66D4893EE71691EE7004257
641,EE,44,0103020C0024010800040000800B000001D1
642,DE,272,0B80DEB758B9F82944A1C62AEB33CCD167D770C0CD0EA0AF51E61094FB812982F71C2D6FB94CA000ED728230BAE50802BF6F3DBC35A8485FBE80C118FFA719C2B3E4F415A22786A05AAE0350ECA67DC54055456E41622C725CC9277E9604FDF82F7542E9FA42FB51273442CCFD7F1D9AB76AE39716E5492DB7BDFB2B9EECFFAB64904421
643,DE,272,0C00AEF257BAD00A4109AD29E3D8F8A947D84D7616169DD678273154FB81FD82F71C710667DCABFB670082797554730FF5699CDE15A8775B4E7EE858DC1FE6ACBC82D41AB0DF84285E7734ABEC56FB1F691DE507BE9D873995A5F8A616672A70135D43D723927188F93C9630F0255C4B699366E4DBB0E6958217F3EB8E70F75CC3F14370
644,DE,272,0C80134A8139D0D2CA22A623D337FBD1B8DF737113168004107430DCB23CEC9FA1B8E5256464557BA616A361CABFC8402BD718FDE11B9FD08E8EF870F7BF39CD191E2A95DBD185D959FF43ABE610FB1AC17565F60D6AFBAE5CC85ECE8BFF85C84FA7EF1025BAF35226E4611DF38D11926C42617474F5F564B635D8738419FF66E7C04613
645,DE,272,0D00512258B9643B4EB1A128FB33FAD0FADF548B1A96F0B35A7E34FC0C169A3828E4650C66942733EF2A5DE906AA089AEA6294D415E8B779BE39E8C55C7F39CDD1132B95FA008C9A415EECEEB45FFB43A9346CD6B5B7F7255D4107714EEBF5114ECFBC58BF477FB23BE66A9DF0F5E24C066E670DAA95C69A26B0246482AEF8A3E72042B6
646,DE,272,0D80D8028761C02E45992618E351CD01B80FD1F3D28E801F79AE70F97431EB076A9CE7E76795F67BEDE183304ADB08192BB1D4D45530B3A8BE3918C5DFEBC573A05C240DC5CB42A6585A4C0A9A5EF7CA6831D9F79E9A0257A35B44C437C5C9CE64112EB329976388262FAF3287354D435DE250D4A9E738613AA7DC94A1A100226BCA4133
647,DE,272,0E00A905D1015CC842DF984BE356454767C848CDE24B90407BE621BC401EF63F49A4AAFC99801543E44A8171C9CB52B248D105940C80F6C8DEC298372F7BE711BD3F2A0DFE21E9C4B53D133BF58CDA796FED61ECBE938192EAA80EC5C018F5684D7160ED236A73B824C3152A4E1CE2F8979D6774A92A3B43529D65D10C81FF3EE7C04226
648,DE,272,0E80AF2277FDA06544F979F3D75DF9E1F833903913B08CDD7B54B9A0045F1DAE58A31A2C16F3AD2FEF2A02138AAB00FE2BD1EC6118866850C262E10896C9ADE062E2DF8A45D968AF53A525C713A19AC46D7B4D404162AA7359AFC0C0C9E0AC77481173E9DA4D22AD27824172D31B25FD9765C36BAB2514BCA3AD2464BEAEFB58CF664325
649,DE,272,0F0051F5CBBED5647C9F59FCAB8EFE478869AF7C560981B253C812BA3C301588A51BE52470657425EEEAF40D7C1104DC384B049C259CB78039AE378853C4CD739F5C2B065C20CDB00877051613A18DC469158FD6BFB505315CC90A3B3617A1B84F7723AF259A475326E46619F17DE19768B2DBBAAB2D9542B66D42A3EE715E2EE7003C24
650,EE,44,0103020C0028010800040000800B000001D5
651,DE,272,0B80AE2F87614A1244F9A64FE331B943B72FA0A712D6AD1D88C9EF041C21358738F3EE246EF273D210FD71EF8EE520B4D566FB2A1086B1483189198EDB89CE7342EDC6139F67CB285887ECEE183C24C391477EE6A66DF18C5CC1ED5631FC3D8196AF479F72424F720F824A720EAA3B4468BA6E44AB2D7E958E4D9463116136E6E3203FDA
652,DE,272,0C00AE228FB9D6224C28A7035B80F50E58F450AB3316980C7E8E30D411A6ED94E0EE3FF4628423FBD72AAB57AAE5F7052F6E14FC1C10B7888986D070903F190577E22FED9A018C205E8F3BE7ED5EA4C1E1C5DDF7B29A295714AFF3AE3BCDF5794E5E1C55AC43F60F26ED9FE4A6A52DFB6F79A794EE65F12B5DAADBB3F4B1F7EFE62844E3
653,DE,272,0C80F1F80FB968D348D6B4D1FB89FF21B805A45B450EB8D43F7600DC039D227D7A8CE2E7A6B72E63EE2800448A83000A2C911C921EE8B1728F6221C25D92E61F4ACBA3AB45C63930A8086339EC763B3B691D1536BEB524A05CC9D56FC656F1887187488FDA4D20AD26E1B5CC2DD40E5B9765286AAD4B017049BA906DE917C558D6663EAD
654,DE,272,0D00EE4478B689DC7E9F974DEB9A390147D8D1757FEA6D46DDCC1126DB8E5A76288CE5E763A37F21D617BA577554C90C2C91FB051EE0485F6980EE36D3E1DE736BC0D41ABCDFCC206E8F0B0B13A1DAC561D6A307F6F5F6AC8311909F46432C6FF2BFB32E25BAEC5226E447DD011C19BB56427AB454FA3692B668046BA2D8ECFE18D7433A
655,DE,272,0D80A3FC8107E83FBB2EAFF5E437C347896910CDED01910A42C801BA0C9D2A7FD713DCF20BA899B14A48A3CB555B28FB2AF9143F10D7AA8AF763D03620389FCBBB1AC43C87017B2F07713550E078C37DBFE79AF15A68BF746AE9C09BC9E02A7547BC85AE6DDA7672F93CB22C8109C45CD57A9715AB0D3D5DB66D49A3EE71642EE7004138
656,DE,272,0E00462D87617A6A44A1260CE3A58946A89B50AB05165F0CCCA62394179DEA6C749FE5206B64A8780B0D88C5555BACBA0EE908A707A8A543CE6FE20B94B4FC7537696BF15A935B20D4973A6E641419E0691D72E6616D73A44F81EB6D3604A9F34F7B4E7FF9C193552C10B5CC951539C374E175FCB9E6397CBC3690E8F411756DA73C3DDA
657,DE,272,0E806EB058B9883A4DA12E4901AAF921AECF5EC1019E931F789D6C87045AE7AFF49F010B6C60ABFBC742A66996D01A9A387A14C51FBBFCD3D43E62039FD3268762E20BF593590C9ABB5423AA9C11FF16691D124EBEED778B5C3D88C126A3F5A858B79C57CD9D643A352F6A27AD261D976542BBEF4F0A33B9B669C7E0CD17EB76F3CB3FC6
658,DE,272,0F00AE16E432C24A5632A61A6802B91D789D8F73D2E1898CF0CCD2270456FD9FF71C5D2B75DC67E8EF19DE6A8A8F0522F6EAF0D31F14B78CD20DCB36CBA7F2DEBD0E489E88499633589EB865AC4A3B89B6C5E911B7ED7FCEBE32F8A620F7A6C25C3F504425A92B2926E867E42D26F9BC624667B0B77E1A2BA225CF78EE459C6DF54842FD
659,EE,44,0103020C002C010800040000800B000001D9
660,DE,272,0B80BCE987505B5104C566B93C89AD16B157D8C9F12D904808C9F8B4040E9A3828E48B3C6694F4B610FD75EE8C8B0D2920B9110E13E8A778C656E6A0DFEFE488B6322F3C256984A0588935C21AB1F7139DECD94EBEEDF78AAC3CF9A634AA893CA176CE5721AA9073AB3C6F24F1AC0CB979EF2E88BA78F0DFB7BDD49031A91748BB7D443E
661,DE,272,0C0023FA8701F66432D8E0E1377574F9B86F1997DB448104778A51A1898EEB6F65E5A0E6B7B5F9FBEE1A8334075B0EA222B4992C12900A50CA2E28FD9FD64BCDB91AF4153E2796A048D3328C760A76C36B1D649D5DC97A745FD9BAC6BBEFF7A81717CE5726BA254EAB3C6814B14190436B92FA6CAB3DA3753BB5D9B3E64972E6E42041E2
662,DE,272,0C8071FAEF47D1AAF921A42BB269F881CE9320CCCD0EDCE2388E70F4B58D1A8F98118463676D3BF78E6A02A3FAE40CDF2AB161D415E08F1CCE8FCC72CEB7E7C5B21B28859E5D67849BFC307EA82A1867EA4E666E3AE91494CF11F8B77564F6E08B2BA0B7B642776325B7695C62A52AFBE56A64D4A8FC41699336566BEC016CE62A11451B
663,DE,272,0D0023FA8671F35AC921A63BE3EAAB886A37F2790BE40AA8B3962B809E6E291773FE3E773CF4A6B1EC71A222511128D6EEE214F091B3B68C8A0DD854DBBC225DB0477EF4977484F999EFAB0E2CE4C987197A9DB3616D57C956C9D8F6C6E0E4734A1163D765A65722E6769AC3FBA61D506DB7B86C2F083F05BE6DFBE31EA6FEE5E0664660
664,DE,272,0D808E7AC75DF052846B56FC198BF9EABF0FD039A444E9FC7E7530ECB48D1F8B8C5641FD02B436F1426B0A53857025D2D866022838E0455FDD82C6502D38F6C9903AD91A97DDD2F8AA7839EADAB69F26CD8FD1F3C4EAFB57131D82F6A2EC057EF9E5435433FED3E020355A3431EFEF4C9F6903B8A7D65D4D22B62B6558E3FFE5F16446CF
665,DE,272,0E000AB081B0E022846B54FC0A8AFBE1880FA27CF70DAED48A79D2070E5AEDA422C471F7964444332FB870E653580A121AB1E623C03BE1883C893A8B622717754FED0F509A21D1E858AFCB39EC760714691D6536BEB5E7395CCDFA6637E705772B4B9C57BDBE77DA8276EE76078EC243F896B86C3B193005B7CDDB1B2EA47F6E38D83E44
666,DE,272,0E8026168FC10FDAC0CDAE8B3C897D05B957517B6DF78184683390CC0456754F28C47B3C66945403EF2A4C3D8A8310F22AB1E4FB15E05B87CE5E645FDFEF4235BD3AF0C19A015DF458AFCBA3F8104ACEE95267D4F16508BCAE54F8AD3EC7F3124F7D467F2227777F241462AAF1731F6A0762669459B03941B49CB463EC510DA3A8D43FE8
667,DE,272,0F002E6500C111A240B9A62AE2F0B6F5385E110AD196839C7F07CBE4C31ED11F2B6DA2859DAC7781AE88C07088CB0B78B08957BD0FA0B5228DF47268DD4CA7B6787B298599AA1EC073C92976EEDDB8B0F3256782FF11B1EE5D81FA0A670FC7CE5E37C127259B5714263402CEF17DEF06902763D24B859BE5B4B85BE17E13FDC4A8D042CC
668,EE,44,0103020C0030010800040000800B000001DD
669,DE,272,0B80513275FCDD6440F4A4D08C81F8014A92917A11F076463792CF4E075BCDA528C6F54A6054B51AEBE14310C32A82EA6A8DD466A5824173EE16EC9B18CEEFBCB4022BCE9BD404A8587F7AECEC76F6DB502561ED7F94FD055E1C78F43C963CE0453F415AA5C87D3266D8AA86411FF2606C79A291E4F9B91FB66CFBFBC5D8E7068CA945F4
670,DE,272,0C00B61A87B1CAD82C50A6FE6301918018A7507E9286207478AEC241299F1A3E2CA2ED4A629C76D8A0FA7D21DE430C19EA947E5DA73537D7C6AFA7845FBDE6149D72006482398428A17677F62DA7F83D9F8F2A1A41275579DC91E77CBEEFF6A06487438D35FC70B21FDC6EDF305C5432E28AF526EB11F9DF060F2E48CE39FE3DE3CB40E8
671,DE,272,0C8069038EC8D93AF121AECB8335F9F4385F507BF60F80D4756E09E4009D2B7E226D47E76EB67E8226628879284800F020F154C8D57207EA21A5A7845FBF8EB4BF5C2BCCBA49AF51409733E65BAF5BB3C9D66D061E15F7ACE10108071BFE0DCB4B114BE9219275896934950492BD0FBAFA20637F6B0852E4B4B85BE57013A6C426D13E80
672,DE,272,0D00AD0471F39F3EBB6B3C1171C32810BAC441EA1BE4221F79AFB94E045FEBAE6710657DC45F750BF0F00AE9294800FB29B91805B038BD388C38E851FFA7C5B9A502341713D8CC9C587F4BEFC2B6FB19797B62E6878DF3679DE8B10FBC0F673A0F4B831D95F8828906AC6B17F5B6DABA611B6E8C1EF531ADD609C46967A8B75AE7D03FA9
673,DE,272,0D80C3FB8761DDC27DC1A2E02270F3881AC458891877499C72E692170C74E01F68F825BED6F69BD84AF288812A2BA8192291B45415E00A403CFDEC59DE14E615CD5D2B065B21C4515886F3A49C11FBCB663D251A3E27E7A45D38F9A64650F5A83F108227A53277A7A6B4EB76F0861C9B18D567B4DB4A49D832FDDFD5A81CB956E7A842FC
674,DE,272,0E002E1C47F3D0B24672A6294B6D04F6FED350A310277203B9722F1C06E8D839FA56D54A66B8F41F2FB8C308AAE5F805F86814FC1711455F7F82E790DFEF6BCDB91A2ACF9B88726A6896C3E128AFFB136BEC97F11D69F66CAE1E6D7A32A785353F10731AA00A73142B82CABDBCABE2CA60D2C715ABA5319D12B6F3DB6A13FECFE4B84218
675,DE,272,0E80AEE285D9C9030C9A0F0B538A08F1DC0EE070E30789F5728754DF078DF87F28E5D73C7CF2C4F81DFA82E185A300B10A10B45D5534B7F86EFFEDC0EF72E635BD1A87C29A0102D858AF8F38EC760717691D3336BEB56EBC5CC9F8AB36376FB84F77D89F259A0F5326E4EA35F155578B68B267DC430CAA5DB66D97B7EF111D32E7004214
676,DE,272,0F00C80287618C224699F80BE351D531B80F268B12D6D8DF78AE6CFC0456EA4729A4A224616E352BEED1B5298C4332DA2B4B24FC141A4888BE39D8481F7D9672ADAE20959E59189A555E333AE786FB1060ED642CB94EB79015F5AA9824A5F5A2A086438F255A974836781A73DCB4EDFA6CD46AD2AB2B399DE1B5DCD5C617FFEEB4D8412C
677,EE,44,0103020C0034010800040000800B000001E1
678,DE,272,0B802E4486A1AF3C32C599B9A434F0DAFA6979CD2444B0ED8779E203045E18AE18A2E4EC29448B3352E27290A74AF0B12ED719920386B78FCE8EDE885F89CE73BDEA19151B678738F07E321E934A8D2566C7EDFE76D0FB576A5BF9A83FCCBFCE66117C1D1DA388A58D3B6A1C1D8C25FD69722864543D848544CECA6BEF7AFFE6E60B423D
679,DE,272,0C00AE287E90A0654139F415F1C3F92BB9FE50A8118681DE7D552104054DEA8729DFE52797650444EF2B83F1C3BF48EE28E914FEEF11BFEECECC9837DFECE7D5A44E70F10193179AA25C4351EC7CFFDB78C5643DBE6DF6B70EF701574650F4A34E86D11DD75D674A66DA3B2CB8431D916C72766CAA343995B774898D17808F599F944302
680,DE,272,0C807D059A95D0014039A3E0E765E555E3338B39A11DD2FB6D5421041736678728A4CF41FB4C74438B577D3D83730919699762AC9838B7C85386E810AA9219185ECB2BCD9AC185F82A3343519CE3FF7D647B73404E92E3597491077114E80AA04D860C5FDA8A07EF06B41C2A07EF1D95694367B4DBB00B2BDF51BB8F11A63FE1E5C03CA6
681,DE,272,0D008E4478B66CDD44F1A4DAAC810631C89250AB624B01B67B5DB0E4446C6ACD58A3A516E6060444FFBE82338A435AEEB8239E961312B2E3DA220B2C20E410E4BD3A2B0D9B01946428C83316EC567B3869356527BC75FDB44CD83134F6A5FFA0B68D03B7E5080715167068A8F2BD8F09CAD06747AB2FA32FB09DCED5844DD2426A623E09
682,DE,272,0D805AD38661D0C244F996B79336F921C868D13B12D65F0C0C933A9404E4EAE528CEE5D967947499FD0B83C4CA530CF22A0B86D41415F758CC7EE8EA0DCFE7E0FDEA23ED9049C628D8FD3976EDE68B7CE9889BF1226EB27E09B91671B0E9F6A8A1A0C551589A99A5A03A84C376A3F34CE26C997374F5F964B725FA63E650FE7E38D84AA6
683,DE,272,0E00BE0F872950D14C5156FC9BCAF92167D7F8921A86004189793704DB8E3E76289C25FFE6B4742BECDB3FF98BE3FA059F2B14F4CA38E3B3C60E5598DE8F17C235A7F415DE3A8CA8A978B0AB6CE304CC01C39A2EB144287468E2F9FE37E76A890EA753AE24CA4872D733D0CB03AA1342D57A66D415EA394DB4F0AB26A1A57F4E38D842F4
684,DE,272,0E80DA1B8FC1CD029B21D612EB013D2167D73C921A8697D4A77658E50C0635874CED3AF402AD7D7B2EF902108A8A0A22D5B015A41420B789CF0EA982CCFF39CDF103236D9A015B2094963B76E474FA7DB6C5AD0F4162457283113C8F366F2A708F4E4BDFFA42B71BF93CAA3DF1251D4B889247E4BB2CC64D4BBA656CEE79FCCFC7583D5C
685,DE,272,0F00EEF29741F05264A1E6FBEB71D97167D7B0D23B8E4107F89F30D506A6AA8F2CE4C57C68958B2312FD24EE8A8B0B230AE9542417C097D89A5FE85022387ACABD32283CBA59C428598F136633AE5372691D4576E8B40A7BD316F8AE35C6D5F00FA7C3AF05CA597326E497C374A21D936B4347ECEBFD796D963D85B2117102E99CDF4252
686,EE,44,0103020C0038010800040000800B000001E5
687,DE,272,0B80AE2A8490F05A0429860BC3019920840FAD7C63095F0CE497388C5857155FD5138FF3B94CE01AE77A96308B83F505496ECB2C9DD9BFD8CF56ECA1FFB7A6C5AD1A0B9D9FC186F05B5E136EACA6E33B494D6526616D4B955499277E8E0EFDF840779C5791A37F2226E4B5CC414415CBE8B2B86C0714311DB66D046B6248F76E38D83E32
688,DE,272,0C000A0B8760D1526DA16F02E2A1FB23BA5F50A21626CF006EDEEF04886FE21F1BC43AF4EEAD7C7330F20A0882D308D2F56948CD1DB0BF8811869469D7BFE61562E253F49251DCF9A57825E933AE8B22614D4F276BB50A7B5316277E520EFDF890AF27B6E5BC7587C2E46244F0BD309B60E267B474F56D74BE3D046BBE48F76E38D84162
689,DE,272,0C80FE1B8F310FDA08D0A773E2812600B95F8F7356FF818C797EB3FD0506F85E31C418FB8F4AABFBDB138A61555B3CEB22E120F545E04A5F11803788F7D6EE458B3B21CD67D65C268777130FE426BB1A631D98F16F6B287460F3F0F67436FFA8B2A08951FA4243482EB4B5CCC117599A6BB29A636AF3399DB54DFBE331A9DB14E7014227
690,DE,272,0D00AF82A6395A25450CB629E1F13006BBFA5103530684F5790E76DD0B561788831A3AF466AE7C73A72BC8317754AC0CF569ECCD1DB0FD89315E1587423139CD5103239DA00016F8A578A5E833AEB721614DBAFEF68FFFFC0CC89AA6CBE0797690AF03B52DCAA8AA1A8EB5CCCD0735C32894754174F501079635EBE301A6F4E3C7583FAD
691,DE,272,0D809F7A0F03DEF2B52EF9F6E351D17157D85176E401A90A7D6E30DC2C060588D21813FB444A557BEE2A7CE6145EF805A66DCB2C15C6B6C08F8EE971DEAF39CD4D132BCC5B505B20B4963A6EE550EBEEB6C58D1FB7FDFD055CC3FF563497BC010ED7438EA43A7673A7B56ED4F17C9CCA697267B52A7CE695064ADBFB10A6B7E79D00431E
692,DE,272,0E0071FA3F58D852BBF979F35768F171B90F8F73A2EF888477AEEF04A86FE20F38C6E52DB94CDC0A10FD8AEC555BF4FE2BF9352495C1B6C8739698302038F689B5EA3E5545D908D158F73037E414F4EB69CD6906B2BDFC5C8311848F376FF5A149869C57EDA67E2A2FC36BE0F67C1CCB18D5772174F5AD67B6259B94F58520E6DB2D463A
693,DE,272,0E80AF8A4F68D1F80DC5A78B3C89790B68D7358B520445B5F0CC142FDB8E9E756710E54D67D43BF7EF5B83718A83D70A868B1CA0057D68509A343C88BACFA72A5233293F9FD162255F6F93E42916BBC9AD7CED44BF47F27CC716F8A6E9EF159447D7875740BA67EFF93CC222F92D1D93694367B4DB4AC89A8EF2046B8A5B7F66B408413A
694,DE,272,0F00ABD358B9742A45A1E7FBE770F871809A8F73BEFC008C7C87EF042470EE0FF71C61544ECCF041ECDB3FF9BBE3FA050029E5239F3C9BD8CE8E5D8F2938B3C894622ACD64D65524E56702561EA1E083B6C52510B6E5F7A45D38F8A64650E53D90AF0BE705C277A2DDC44A4400AA7047B76A5392AB75396BB999FBEBEE57F3CB38D845DF
695,EE,44,0103020C003C010800040000800B000001E9
696,DE,272,0B80B2048739D024470C1BE3F3310BF6A597ED6302B67103B436EF04F073EB072FCDE9DCB94C8C06EF7282178976B51A3AD1E6231E780A40DE3E1987097139CD590D2295533F87F1595DCC37ED2646D3797D94F1742B287490EEF8FE303FF4524E7733E8206BA8AA82C86A4CF1AD1CBB18D560BCAEDCE6952241DBEBEEA1FD1E97674094
697,DE,272,0C00A62A82900FDAC0D5A673E381FD01C86859A317275F0C0C8230840486E27F58A3E42C16F3F4B630F21A148ADB88F5284435F4E4376354C18CFC702E38A3CB4CED9E1266D64C20E56732563EB2B76B497C2943ECC1F78C5CE9277E7612F4F04EA79CAE24CAA8AAEEEE794CAA410ECBB32076BFB7D7E695E248DAEB6456FECAE700443B
698,DE,272,0C80DE4558B9600857A1FD17F00126F98C0842F3C94413B6795D34DC7431EA5DF71C71377CC475F3120B83619AE578B56B611CD514B0014F11869C76DFB7E61D9ACBF4157A2784A05890313ECD8424C39937657E616DBF915691C7A52C55F959852F90B3A6F8638274D8A044B1450D43698E2E88ABF53871C60AD963D1527C5CE0F04041
699,DE,272,0D00FC1E8D31903A5421A717AA6DF9F9B93320CCCD0E10F079F6710C8477EB0FD8131BB5B94CF405EF7287398A7378B51224CB2C65C4B7D00E8DA860DFE7C8E462E2D3A79F01A4A866AE7C3611A16FC7691541D66EBDF75793C9C8B6E9EF159247279C574DEE7772F93CA62EF92D35C368629A94837D389DD5B5046BCE55FF66E726432E
700,DE,272,0D80ADD73AA9E162B52E86B4CB09790649FA70F352E8A084B83C30D4E7A7DBC2A8513AF462B2747BAF0C83C47B544509DA666828CA386BBBC60EE858D61E39CD59192B955A288608E5673256FEB2051B6B80BAFE7696F7F45CEFFA528BFFF4C8F2B1B2581741CABA27849BC31EE3305296DD63D2A64BE695A24A9BEBEE79FCCE5AC8475B
701,DE,272,0E00594D76B66F9C9B212E61D3F826F93C35580BCD0ECC8387AEB7042476358750EE3AF41EAE7C6330F2FA9B555B7068F36914D4BD38B7A87686E8701F3A664562E2434730D984D88777570CE4D6F4DB093D250E756DF78C8711F89606510A7F4FAD4237FA424F482EA46A1476A53DBBB76A4B9EAB65C89AABB02A6476AF00E938DD3DD1
702,DE,272,0E8071FAABFB4DDA4CD92DF3E371F92CBBFE108352EA0B0C788E300CD589338728E45DF466A4FC41A2DA5BE98AA3A00A2A91AC2C15C0775D4E0E3788BBD4EEB507E22BFD1A93059A515FECEE487D7267E4C56516146DF78C83112C9F3E97F5A890AFD7B42DCA38A62694B5CCD54B15DB68B2B86CC31B3119B1BD626E79A9DF1E272742AD
703,DE,272,0F008ED658B95C2944A13BF3E3617143A1FE8F73929D80D9705FEF04787DEE0F08A225BE9B43A0F8DF6A80F1CE5308B21AF124BCEB37195611868C6BD74F5BDD4A55DA1ABA9F5B200084329E2551F5EE68B52AF040E7E6CC5D69B1707656740AD4AF43AF2592758266DAE1CCF15D8643689267BC3ADCAE95964D1B94E0854F972792426C
704,EE,44,0103020C0040010800040000800B000001ED
705,DE,272,0B801E8358B9C02B4451968A53F8B9F5B87FE00AAF1E77BB87791C47DB8E7AC428C99AF8331B54452FB87FE61B58C30A2A91453315C03B87CE5E8D40DFEF66803B522A95DBD104D959FF333633AEFF2F614DBAFEE28EFFFCA11EED78CBE0C876B3A0B851FA42275927BC6BC4CE5C1CCB692F4B94AB2D755DB66D88A3EE71AB2EE70042AC
706,DE,272,0C00E03287619F1244F9960BE351BF31B80F403FCD0EA0FF7AF6EF04186DB9793C31E7FCD9B67673E572111784760A02F5931EA415E251E3D40E3788DFF4FC4562E22BD680515B20A4B52966E62EF843753B64D26A93EB595F1987853567F778A0574BDFFA42935826BCB37DF92DC243B49867EC74F5F177BE3D046B3A5BFF6638D841E4
707,DE,272,0C806E188F310FDA88D3A6733C89411BB05F403762B190C478AEE8D30456245328C4B03C66940003EF2A503D8A8308D2F569BCCE1DB068506A74E918DE3FE5343F73B9E2D8CB05D9E0C5216E3E51FBEF197AE5B3B1B7E6CE5539B9EF3137F4CA4A87BA584943CABA278493C32CE51C0668924F94AB2D4C6DB66DE8DBEF293519E9F541A3
708,DE,272,0D00AFF27940D1529B21FE11EA0926F9EC0541FBCD0ED4EE71F6EF04545CFB0F299CAF0A6061742130F2C62B90D30902959015A465878FA8CE5E8B40DFEF6735BD3AF415722484A0D88933C39C11EB8FB6C5450CBE1D08A45C3407A6E9EFED92462FBC86256A7F1426E5B5CC057E1A5BE3CE3B92A9D83A9D694E50C7A74D76AC66623FED
709,DE,272,0D805BD997FDA06544D9D50BE351E101B80FF98B12D6EAC478AE4FCC04569C7F28C49D0C66946003EF2A723D8A838EC22AB180E415E0ABA8CE5E9940DFEF6705BD3A71DD9A01D8E858AF6826EC768A3B691D1706BEB58C8C5CC9CC8636379DB84F77D7AF259A286226E4C534F17D305290D1B86C0B4BE6953634046B6ED867E6E72041E8
710,DE,272,0E00EE04BD95E85A44DF91DE3C8965570DD7501BCD0EEC9D4806107C447ECAFF28140AF24E3CF546CDDA833089433A7A081146DC3740FFEDD6AE3788EBD7FFCDBC0A221C9B289B22D1768AE71359FAE226CD650F616DC7A54E91A9C6D1C60AA9D7AF43AF654A3752AE3C6A340E74186B481A278A8B8DB9DFB6650A42D629FFEE63203E8B
711,DE,272,0E802A2A8D9048DA44D966F86361F929BCFF8F73E2FE808C89799205DB8E0E17186CC58CE6BC548330F282478A53C00FF569E4D1CA3847BDC416EBF8458DF1E5B772296D98A9462DD8FDECEEB861E1BB63DD3E1A95156C3EA3C2F95F3634DE087CDF602F7EB254D20D4CF886621FED6A4A1A358A898DABDFB6670C42E739FE9EE7A845E0
712,DE,272,0F006EF70731F9644C591BE312F2DD11BA6FEC8B12D6E0C478AE51CC0456B74F28C4A73C66942A33EF2AE0218A8365C22AB1CB2C41C8B7D0CE56E8A1AF88F68062E267F5905997DE7D5AECEECC6EE043EA7F45D5BC65888C5499277E025FD5F04F50427AD44D28AE358C6A4CF15B0F6E48EAE792A4D8C59AC9B72A6469AB20E6F3284567
713,EE,44,0103020C0044010800040000800B000001F1
714,DE,272,0B80AF7A86B120230529AE0AE20144E9A86FAB7CB14A9049788E80FC04566F4F28C4540C6694D003EF2A04118A838CF22AB1C4FB15E019A8CE5E045CDFEF6A05BD3AA6DD9A010AE858AFA326EC766B14691DFE06BEB55FBC5CC98832363EF4594F770F4F6593778119E56A16F9BD2D437AA265BFA8D7769B493EFB6BFC61AD026D623D6E
715,DE,272,0C005AD1C8B72F5044FAA3EBD389EA412C6D505930B0DBE8F3CCC72F1730EA5B3EF9E2EC564C60535A4880C361BB53EE719970C89982427B5155E9A2EDEFF8D50EEF8B929BF99DF8416F80E3CC29FAE3651D71E60D60C3F35D31F1A639F7467D3F2842772D9A7DB29531A25BF085189B6D72D461BD6238B5B56DDB73EE718FA29767478C
716,DE,272,0C809EB726F1B40244F8AC4D3C89F536A447748E06235F0C7CC914742070E3AB28CEEFDC6696686BCB0F8BC48A8B0C226A8F163415EAB779CF5CF418FBCAE9E162E2CBAB9A0421B87DE776E26C63DE5B74554803B441D2E4B1EA01533637E7684F7F907E241288A55E3B66D452351D2868093CD6AAA11D95A77D928FD2783ACDE6884027
717,DE,272,0D0051F5EDBEF1927464AE07E231A12DB80F449B13B6B84178AAEF048023EB5F8064CD8429428A72E74AAA918A53610FF5697CD215A8B7ADC1AA8C6C6B3AE64ABCC92DCDA89CAC509888DCC3C4DEB4CD974C6D469615F7AC6E54F8A604AA35884F771B84259A5ABBD6857311F17BC24340E45FFCABF9390DB20B6BD531A9DF18E7A84445
718,DE,272,0D80AE048B95D00C4909A62DE35CF9D1D53150A61327B0B2696E300C558AE89F28CAE5DD67924C6BEFFE82712AE1ED222ED71C2514C80F59EF7137A3D9EF5BDD4D9B2BFE9A01A931A8C85733A3A6FB32A37BBAFE7AF0C7E45C1DF8F6E9EF31FD0611FACF21FCFF141EAC2AC0716D25DB6C72F5D293657999367DE3F331A95F1BE7A8459A
719,DE,272,0E00AE04899569D344D6B6DBAC81F908B802505B7FE880D9795F78BA2E96EA8F2718E1ECDF45740CEEDBCDE18BAA309AEA9211012DA8F75C4E4ED010D53EE73F8D722B199A51249A805F8A7E2DA77B4A691FDF66BAD34D7D5CE6325797E634880FA57CFEADF8B3802E356B3C49AC0CB4D74166B416E5C9EA9BA42BD48A74B0EEE7294306
720,DE,272,0E80644458B9C44774B1A6FF630126F9A85A19CDAB9684B2F0C8089444826A4F1084E1ECF4F24C6BAFFE0221B2C3D70AC695145C15C6B97C778FE87FCF1FA9C5BD132BC09AF1E9C658A232C7A410D1DB69CDD3FDBA754E7D5CE6F95779E7F481773F83AC206F4F3A6630EA04C93D174A699857FCABF9B91D160F034357393EEF675143D1
721,DE,272,0F00AE203D21D464FE28A60429A058F7B92F127DEDE708B6BC5C380D057E528E25EB5ADF6494C9EB1F8D063E8A838FF22AB19AD415E03898CE5E68C52038F5CABD32233C65D6BB2758A737C713A16FC4691565D7BDB5F531645C277E7E432A7007130C5BA5C873A7A6B542720FAA7345008EB86C9319310DB2B825E68739F606CD483BD3
722,EE,44,0103020C0048010800040000800B000001F5
723,DE,272,0B80271858B9FC0655B90F63EA69D36931358F7332D2919491E638E42D1EAA65F71CFD186ED45421EBFF8660555B18F6D466582ABDAB6850C66AE010EE720619BD3A44DD9A01946DDA3F333661AEFB3B911DE8FEBF95F6ACD111FA863E3778704C579C57C5F9437026E54A720FAA3B4568B26774EB1139F4F7556B66EE3EF1CCED584179
724,DE,272,0C00EB2871909A5A01F355DA6909BC2B48FE9AF357DC6D25787BB0ACE4F3FE5D3EDDE1FD76B48AF4FEF45D595A5B38F00AF1076915C021A8CE5E6D70DFEF7535BD3AAA5D7B685520C08FD35C7EAE2A0B327FE8FEBEA53EF0D111F996670BFFF3DD4BCE57279A7E2AAB3C6924F17C145B6808358CB851232B64449979AD532B552D7441E7
725,DE,272,0C80E71E976823F14569D64CE371AE31B80F50B313B6C4C478AE14DD047E0A5028C4830C66942803ED4ADC118A8324C22AB197D415E0C71D4ACE2E391885B32D9766A91D342309205CAF32BA862A79CB893F077614E9757C02EB757E30371FF4CDA7E6ADA84270720CB9E8C4765F3FCA02EFE564DB0F5B1C1C305963D8535D6F0D5D3A5B
726,DE,272,0D002CF244435DDA4FF9A623C5A0F8F0B42B70F2E301780C98F6C10BF18E8A06D91317F4C6CC85F400F222687B54E40A4AE9E523FC3857D13F890E88FFB717C25EE20B976BD6642038F5C2E131AE5B4198CABFFE5EEF067B8B11873B373FA6592F3F433F2A48DF72D733B3CCF1C59DB5680BEE95AB9CC79A5AB02A642BA9D23E17D74309
727,DE,272,0D8080FC87D9D02D4440AF0AE3E007F658D2A17CAB0EADD48879120204EE2A71287DAC0D66258AF43BF773E6275B28D2DA66022A155877A6CEE7A171DF5E18C275E7DA1A3BD9BEF8A87839E8ECCE7B3569A4EC07BE04097BE0140971A3EFCFA8BFA0BD522522F75CD833D9C900AA914398652B6BAB2BCFDF860BD3BBE08BFF4316D74340
728,DE,272,0E002CFAF15D26C544FFA5EBA32C08F6C3D72697E444B0B260A6C7277BCB4A5028C48B0C669464B66BBA833082830E02076C2BF4B838B7A8CE5E4588DDCFA9C1C76A86159E2184F8F577351661AEF33B0A7165AF9ED3F17C3A14F9A69695F4CE6F11455FA447767306826CC48BA0020668926786AB2DAB6DB66DDBB3B718F77EBE694241
729,DE,272,0E80A662DE08D8421D90AE7B0E8652BDB82FF28B12D694C478AEE7D00456085328C4F52067F4F4B6EF2AD35883DB59B838E9C6CA16EABD7A8778E3A4CCEF08C2DDE62BC59BF185F85C6F3136EEB6B23D69E96726BFBDFE5D14A1F8FE7E5EC7A04D8D718F2DCA76EF2EB46B89F3751E6A2ADA67ECE944311DB7F09ADBECD9BE57A56849DA
730,DE,272,0F0050F524FDC097409F5BFC9F8904F61CD765C3139E80D87B5E710C0577EB1F2A04AC042FB47563EE2A92AC8AA3E0DE2AB188D415E020A8CE5E7670DFEF7F05BD3AB1DD9A0125E858AFA526EC766C0B691DFD36BEB555BC5CC9C4863637F1EC4F17DCAF259AEE5226E4CA34F17D87BB68B23B94AB2DAC5DB66DAF93EE71DB1EE700432D
731,EE,44,0103020C004C010800040000800B000001F9
732,DE,272,0B80A63A8601000E44F9FA3BE351A231B80F0ABB12D612C478AE38F40536CE7F28A4F5EC6654742BEF2A82138A8358F32AB140D515E0EFA9CE5EB471DFEFD634BD3AB7EC9A0198F758AFB317EC5E7B3969354507BEB5C7575DE1D8CAC800F5844F17C780259AFF7D26E4E61BF17D9D9468B21694AB2D9D6DB66DB3A3EE716B1EE70042F1
733,DE,272,0C0084328761D03144F92218E351BD40EC6A6AB922F6F0B308C940BB74319A3858A3954B16F3F4B610FD77EE7554FC0DD566E72BEA3745573189198F203816CA42EDC41227C98598B46843A2EC7424C38D38648E616D13B9476173C435C5347DCF06CA1D245A2E48AF766A1D998DC243A4A77BEC6FFE7968504AE546EE7CFBCEE3D0409A
734,DE,272,0C8053009D31D100413979F35744E269232B505E13D481DE2A5FEF04A053A58B28B7B66CB94CD4367380CDE7F5D624B2B61340B871C8D3A89A1A3788538AE3BD91033F880B4518521C7FB31270D4A8572ACD6405EDF1F6AE83118CB32C77F5AA90AF339A3FCA75DAAFDC6BB478EFAC4EE8CD4247AB2C38ED94ADDBBEEA81FBEE1A21429C
735,DE,272,0D00B7728663D5C29B219A1EEAF9F007B8FA51A913DC932579AFEF043453FB1F28C53AF44A91657330F2A204882B59AEF56900F18440B6208762E175D6C2E7B5CDA65BAA45D97CCC52F7E311EC838B7C51896525616D0788831104C236F7AE94EC15417D20329A54DF11C976F48F1E33E56A67A42885B495B67D9963ED53F56E66AA4301
736,DE,272,0D80E1F43833C162C55B79F32F65F369EA27028B18965F0CBCAAFA9C4B826A0D62843AF4DA806E83ED82CDE755D012B22811965E5730F7AA4CFCE0189F3FE735B57A1A51EA665B202C8B326E2551FBEF197A7DB2BEB6287434FDF8666D0B2A703B73D0ED28687D3AB4C09DE12EA5459F7C1A839259D82AE53BB5DBA37CD972E6E7004227
737,DE,272,0E00E1F687139A429B219A2F70FBB6F7C75B73CB8174CB9823866BFC4F1279F567125A7845F4E7816567D019D8A382972BE91524EBC1F658CC7FE900CE73967285AFF415BA2585A087771352EC7FF9EB4BB57700FF40287448BDDA0E2411F45D4F7E417FDA4D86AC2A249515F02DC243689667FCAB253CBDB76D33F3EE7120E637334276
738,DE,272,0E80A67258B93C2104B079F33762F089306D555BCD0E60F779F6710C8477EB0F008C250964605C6BEF0D81C58A83D70AE2821CA43DA8B7ADC8AAC0181FCBE5E0BD3AF4152E328CA870E7B313ECA77CBB691DBAFE1A86FFFCDD09F2807BC2F478305642DFFA42E75127BC2BC4D15C1CCBB76AEB97AA757071B73D046B6A52FF662E9242B1
739,DE,272,0F002F4082920FDA38DAA773A281FB00B95F8F7366F5818C3190318CCDC4EA563C35E02D67C4ABFB8B098369758A0922638D15A415B86850966DE108578DE3E662E27FEE9B59C528188E3266271EFA43202164767727F7A5553898A737672A70775442D7DA934D826FD86B44C6BD7D925D4867B46244311D87AD13DAE429AD02ED503D6A
740,EE,44,0103020C0050010800040000800B000001FD
741,DE,272,0B80BF0584949FD6C4986341F2113C48B2570297188691F37B5B7F0804372A3539844E456CCC261FE57A9316887609D385DB85B4A889BDD09C62E200CEC8E0E0423B91A78B55CB2C58DE865CFD3643726345652CBF45A5925699F8A7376740C04E3F6127B7BC7087E737AA06F1771B6A2966A7A5AA6D08D097B9DBD2EF31CEA3E7204012
742,DE,272,0C0056B72A09D15A852AE61AE358FCD0206619E281BC927CE9CC312C0553EA9F28C143456CCC261FEDFA811380D3ACBB21E9CFD31614B785CFAEE95ACC1E67799D9224CC92638F08A7788EE8CCDE76C3693DC58E336DF78CA31E8C7836370735B0A0AD51DF5D7770B68F7044BEA91DE9FDD97DF4AB2FB426AC39A6D9971DAC77C4A043BC
743,DE,272,0C803F4CB0C9EB64605162FE630554F9BA6FED7310B61CB6985E8D040636493D2B3658F464F49019EDEA41E40AD70AD7BA691414B172A684CAA5F854933FC630B86A230D980C8709147F1313E926F9DB65CDBA03BBE5129569695534C93AF4514F72762F41F7592A6034EA32DF2D1B5BD5CFFA6CAACD7587B34866C68A4F5BACE70C3E4E
744,DE,272,0D0005D2D10C4B9019842BF3E321A21DD7627DF37CF1AD2155883528998EEA2F44AAD374D3F651D3E2726F16A8774ABF0419892C15B06850DEBFEE88D3BF90298B1F1DE0B4A191B0F5965158D9D6D63E4430508686DBC104E9ABF357695FF4CE101D52CFE5BD76866ED87A54E135A0539AD267D336F5393DEC03EDEB5B13F6CFEA5844D3
745,DE,272,0D80EBF28644DD5213948B73CE774CD5B890E36C8F0E80A436C00684B134EEAE2D9CA0FC26B1717347ED1FE98AF346BC1CE9A196B713BAD0207977A4F2C9E7E10D3F269DD06CAA506FC9CC39E584FEE3F4C56576616DEB4D5A11F4F6400BDB084CB74DD7634A375428B447BC0E70986329DCFA6CAB7D87303BB5DAF3C01762E6E6504658
746,DE,272,0E00512D8C90DF5A4329790CEC01FC2FBAF4577BFDF18F8478A9BD0405069C615FF45ABE53FA990490FFE0BE175B09A20790A9817727E3A8CE5EBE70DFEFA635BD3A2BED986184E059CF3314EC76EF33687DF406BEB5570A5DE9A0863457F59A4F7725AF259A005226E44E34F11D15B369D22F94A94D4F6DB66D4293EE71691EE7003FEE
747,DE,272,0E803D028761A12244F9DC0BE3518001B80FE08B12D6FBF478AEAAFC0456657F28C4F51C67F4E403EF2A10118A83C8F22AB1B1D415E03387CE5ECC70DFEF4735BD3AACED9A0190C859CF6D16EC768F3B691DB52ABEB59B8C5CC939DF361FEDB84F77E1AF259AD95226E4C934F17D41BB68B23FBFAB2DB96EB645DB80EE71E7AAE70044DD
748,DE,272,0F0023FA87412002C921A70B1C5174F9BA2F4FAB9F0E83F478AE381C4D6AAA562C36E597ADE8F85F4C4875C1CABF0ADA2F431B263DC1E650EE5EE8513028EEE6B8522B859AB18091D0CD32C7EC76FBDB681D77BACED2F7AC5809E882350411DF4E5F67F724B28B5126E47BC40E42084B978D72645412399D2CB42574EE5120E61B033DDC
749,EE,44,0103020C0054010800040000800B00000201
750,DE,272,0B80E4F42D600FDABCDAA6EBE2114BF9B817CB8DE823320C7C86F04E7431C796E8A56D4A20A88802EF2AE7E675BC7905D58E6723EADF6850C2AEE8806334E67DBD5D4C1E653E78D958AFB3E5E4DE8B7C693D9B4FB6F5FF935D81B180CAC285CFB41D09598F9A88ADD93B95CB0EA2E244976D986B54F2C69249B2246C11AE00E118DF4685
751,DE,272,0C0051FD78BE2FDDBB2659F41C8E06FE47D0AF74ED097F0B8771CF03FB891580D71B1AF3994B8BFC10F57DEE755CF70DD56EEB2BEA3F48573181178F203019CA42E5D41265DE7B27A770CCE913A904C496C29AF9416A0873A3160779C9E80A77B0A8BC50DA4588ADD93B95CB0EA2E244976D986B54F2C69249B2246C11AE00E118DF40EA
752,DE,272,0C8051FD78BE2FDDBB2659F41C8E06FE47D0AF74ED097F0B8771CF03FB891580D71B1AF3994B8BFC10F57DEE755CF70DD56EEB2BEA3F48573181178F203019CA42E5D41265DE7B27A770CCE913A904C496C29AF9416A0873A3160779C9E80A77B0A8BC50DA4588ADD93B95CB0EA2E244976D986B54F2C69249B2246C11AE00E118DF416A
753,DE,272,0D0051FD78BE2FDDBB2659F41C8E06FE47D0AF74ED097F0B8771CF03FB891580D71B1AF3994B8BFC10F57DEE755CF70DD56EEB2BEA3F48573181178F203019CA42E5D41265DE7B27A770CCE913A904C496C29AF9416A0873A3160779C9E80A77B0A8BC50DA4588ADD93B95CB0EA2E244976D986B54F2C69249B2246C11AE00E118DF40EB
754,DE,272,0D8051FD78BE2FDDBB2659F41C8E06FE47D0AF74ED097F0B8771CF03FB891580D71B1AF3994B8BFC10F57DEE755CF70DD56EEB2BEA3F48573181178F203019CA42E5D41265DE7B27A770CCE913A904C496C29AF9416A0873A3160779C9E80A77B0A8BC50DA4588ADD93B95CB0EA2E244976D986B54F2C69249B2246C11AE00E118DF416B
755,DE,272,0E0051FD78BE2FDDBB2659F41C8E06FE47D0AF74ED097F0B8771CF03FB891580D71B1AF3994B8BFC10F57DEE755CF70DD56EEB2BEA3F48573181178F203019CA42E5D41265DE7B27A770CCE913A904C496C29AF9416A0873A3160779C9E80A77B0A8BC50DA4588ADD93B95CB0EA2E244976D986B54F2C69249B2246C11AE00E118DF40EC
756,DE,272,0E8051FD78BE2FDDBB2659F41C8E06FE47D0AF74ED097F0B8771CF03FB891580D71B1AF3994B8BFC10F57DEE755CF70DD56EEB2BEA3F48573181178F203019CA42E5D41265DE7B27A770CCE913A904C496C29AF9416A0873A3160779C9E80A77B0A8BC50DA4588ADD93B95CB0EA2E244976D986B54F2C69249B2246C11AE00E118DF416C
757,DE,272,0F0051FD78BE2FDDBB2659F41C8E06FE47D0AF74ED097F0B8771CF03FB891580D71B1AF3994B8BFC10F57DEE755CF70DD56EEB2BEA3F48573181178F203019CA42E5D41265DE7B27A770CCE913A904C496C29AF9416A0873A3160779C9E80A77B0A8BC50DA4588ADD93B95CB0EA2E244976D986B54F2C69249B2246C11AE00E118DF40ED
758,EE,44,0103020C0058010800040000800B00000205
759,DE,272,0B8051FD78BE2FDDBB2659F41C8E06FE47D0AF74ED097F0B8771CF03FB891580D71B1AF3994B8BFC10F57DEE755CF70DD56EEB2BEA3F48573181178F203019CA42E5D41265DE7B27A770CCE913A904C496C29AF9416A0873A3160779C9E80A77B0A8BC50DA4588ADD93B95CB0EA2E244976D986B54F2C69249B2246C11AE00E118DF4169
760,DE,272,0C0051FD78BE2FDDBB2659F41C8E06FE47D0AF74ED097F0B8771CF03FB891580D71B1AF3994B8BFC10F57DEE755CF70DD56EEB2BEA3F48573181178F203019CA42E5D41265DE7B27A770CCE913A904C496C29AF9416A0873A3160779C9E80A77B0A8BC50DA4588ADD93B95CB0EA2E244976D986B54F2C69249B2246C11AE00E118DF40EA
761,DE,272,0C8051FD78BE2FDDBB2659F41C8E06FE47D0AF74ED097F0B8771CF03FB891580D71B1AF3994B8BFC10F57DEE755CF70DD56EEB2BEA3F48573181178F203019CA42E5D41265DE7B27A770CCE913A904C496C29AF9416A0873A3160779C9E80A77B0A8BC50DA4588ADD93B95CB0EA2E244976D986B54F2C69249B2246C11AE00E118DF416A
762,DE,272,0D0051FD78BE2FDDBB2659F41C8E06FE47D0AF74ED097F0B8771CF03FB891580D71B1AF3994B8BFC10F57DEE755CF70DD56EEB2BEA3F48573181178F203019CA42E5D41265DE7B27A770CCE913A904C496C29AF9416A0873A3160779C9E80A77B0A8BC50DA4588ADD93B95CB0EA2E244976D986B54F2C69249B2246C11AE00E118DF40EB
763,DE,272,0D8051FD78BE2FDDBB2659F41C8E06FE47D0AF74ED097F0B8771CF03FB891580D71B1AF3994B8BFC10F57DEE755CF70DD56EEB2BEA3F48573181178F203019CA42E5D41265DE7B27A770CCE913A904C496C29AF9416A0873A3160779C9E80A77B0A8BC50DA4588ADD93B95CB0EA2E244976D986B54F2C69249B2246C11AE00E118DF416B
764,DE,272,0E0051FD78BE2FDDBB2659F41C8E06FE47D0AF74ED097F0B8771CF03FB891580D71B1AF3994B8BFC10F57DEE755CF70DD56EEB2BEA3F48573181178F203019CA42E5D41265DE7B27A770CCE913A904C496C29AF9416A0873A3160779C9E80A77B0A8BC50DA4588ADD93B95CB0EA2E244976D986B54F2C69249B2246C11AE00E118DF40EC
765,DE,272,0E8051FD78BE2FDDBB2659F41C8E06FE47D0AF74ED097F0B8771CF03FB891580D71B1AF3994B8BFC10F57DEE755CF70DD56EEB2BEA3F48573181178F203019CA42E5D41265DE7B27A770CCE913A904C496C29AF9416A0873A3160779C9E80A77B0A8BC50DA4588ADD93B95CB0EA2E244976D986B54F2C69249B2246C11AE00E118DF416C
766,DE,272,0F0051FD78BE2FDDBB2659F41C8E06FE47D0AF74ED097F0B8771CF03FB891580D71B1AF3994B8BFC10F57DEE755CF70DD56EEB2BEA3F48573181178F203019CA42E5D41265DE7B27A770CCE913A904C496C29AF9416A0873A3160779C9E80A77B0A8BC50DA4588ADD93B95CB0EA2E244976D986B54F2C69249B2246C11AE00E118DF40ED
767,EE,44,0103020C005C010800040000800B00000209
768,EE,44,0104020C0038000800280100DEDC00000339
769,EE,44,0102020C00900108001C00000004000001CD
770,DE,272,0B80AC4483A15B604509A4F3E24AB91DBB5750A0E52780D468FE40BB0457E03920043AF49A8F6F8BECFAC21201E1092233D746C8877227EA3DAC9837CF7A39CDD556F4151E2A84A0987CB316EC7EE8EB681DB1FE8885977F06883C7E00072A70035BA9580547457A2B15BECCC75D5D4B68D2A36C9D0D29D0B46D0F6BD8419FEDBD413DF4
771,DE,272,0C006AFAB151C09F7C6CA6FB8E89F929B9FE50AB204B5F0CF4C510BAEE81E98282CCFFDC6744F7FAEE2283C08A533509F569EC8F7DB8B480CCAFE7863BDEE7D5B2ECDBFC9FD08DD8A278E4ED4676D34B5B1F4C409ED31D7BE215F9A604AACD3D6C77BC58BE4577A2D83E6A1CF08C1D9B5A2F6866F70D399D84B5DBB7EEB19B02439249F8
772,DE,272,0C808B44E36CD6F844F8E9FF6101F9F18DD451A3E127E4D9795F30DC36CB3587BCFFE52C6644F5FFEF2283C08A833A4F6565EBA4EA37C557CC8E318E00378A3E6DE21DFDBBD124B998770506ED76C986693D245295C69BE93999F5863617753DA3A0AB52249A75EF0B2D9A752EA521F008EA65BCAADD3A458B9C046BD25AFF76A75D455E
773,DE,272,0D000F7A8669D7F34BFCA9F95377AC28ABFF61AB328490147AA6372D1453E58D2CC2B0256F644523CF7884F19A8607005EA741FD14108688EE0CE857CB2FE1DEFA1A2D065A293C20588F333EF987DB43C31567D61EEDA2A45838207E3217F5F0884EBC1D5AA688E089864FEE91251F938D4264BC48DD394DA9AD036BEA51FF36E4F03EC9
774,DE,272,0D8051F52BBED00A53097EF3EB51E901BEFF887316E6380C788EA0BB045EE6AFF01CF12C76B4A9D337F29201325B04F2BAD614FCC311B748CF5E55982F4EE234BD1A0B7A9B29BD4259873316EC567B9E68354C9CBF9DF78C5CE92220371FF5884F5743AF25BA775226C46A34F15D19BA68929731AA0542FAB745DB93EE5127B8E6283F87
775,DE,272,0E00979B8649D42344D95AAEE2798296B927508B12F659527986BF65057EEE7E28E4BDA967BC1999EE0282118AA374572B993D4E14C8B3A9CE7E8CD5DEC79DA2BC122BED9A21F87D59871A8CED5EFF3A693DC1A3BF9DA2285DE1F8863617892D4E5F6A3524B2735326C4A291F055662C699A7194AB0DB9C8B7453E0AEF597B1FE7204044
776,DE,272,0E8066A48649ABB545D1A60BE37185A4B9274B1113FE84F5788E345A057E91E829ECE50C66B408A6EE02AB8B8BAB0CF32A91344B14C8CC3FCF760073DFCF9A90BC1292779B2980D9588F1381ED5EC2A168356506BE9577295DE1D11C371F71894F572F0924B26AF627CC6A34F15D611E699A7C0EAA053D6CB64DF70CEF598489E6283D81
777,DE,272,0F00AE028741AC8745D18F91E279FD00B82F841D13FEFB63798630FC047696DA29ECCC9667BC7002EF0AA2868BAB31682B9914D415C0370DCF76C1EADEC7E635BD1AF14B9B2984D8588F3316EC56FB3B693D6506BE95F38D5CE90823371F8E1F4E5F43AF25BA33F527CC53ADF05519BA68929B31AA0542FAB745DB93EE51BAB9E6284076
778,EE,44,0103020C0090010800040000800B0000023D
779,DE,272,0B80219B8649D42344D97AADE2798296B927508B12F6FC5179861966057EEE7E28E419AA67BC0F94EE0282118AA374572B993D4E14C8B3A9CE7E4CD5DEC7B391BC122BED9A21F87D59871A8CED5EFF3A693DADA3BF9D8C1B5DE1EE863617752D4E5FA63624B2F35326C44A93F055662C699A6794AB0D45C8B745C009EF59FB1FE720400F
780,DE,272,0C00AAA48649ABB545D1A60BE37185A4B927791113FE84F5788E005B057E91E829ECE50C66B408A6EE02AB8B8BAB0CF32A91344B14C8CC3FCF760073DFCF9A90BC1292779B2980D9588F1381ED5EC2A168356506BE9577295DE1D11C371F71894F572F0924B26AF627CC6A34F15D611E699A7C0EAA053D6CB64DF70CEF598489E6283D3E
781,DE,272,0C80AE028741AC8745D18F91E279FD00B82F841D13FEFB63798630FC047696DA29ECCC9667BC7002EF0AA2868BAB31682B9914D415C0370DCF76C1EADEC7E635BD1AED4B9B2984D8588F3316EC56FB3B693D6506BE95F38D5CE90823371F8E1F4E5F43AF25BAB3F427CC53ADF05519BA68929B31AA0542FAB745DB93EE513AB8E62840ED
782,DE,272,0D00219B8649D42344D9DEADE2798296B927508B12F6FC5179861966057EEE7E28E475AA67BC0F94EE0282118AA374572B993D4E14C8B3A9CE7E40D6DEC7B391BC122BED9A21F87D59871A8CED5EFF3A693D55A0BF9D8C1B5DE1F8863617892D4E5F6A3524B2735326C4A291F055662C699A7194AB0DB9C8B7453E0AEF597B1FE7203F1F
783,DE,272,0D801AA48649ABB545D1A60BE37185A4B9274B1113FE84F5788E345A057E91E829ECE50C66B408A6EE02AB8B8BAB0CF32A91344B14C8CC3FCF760073DFCF9A90BC1292779B2980D9588F1381ED5EC2A168356506BE9577295DE1D11C371F71894F572F0924B26AF627CC6A34F15D611E699A7C0EAA053D6CB64DF70CEF598489E6283D34
784,DE,272,0E00AE028741AC8745D18F91E279FD00B82F841D13FEFB63798630FC047696DA29ECCC9667BCF4B630F28E07855120F22A61032914E8BC79118618750F37D0259CEAAB9C5AD9B2C85A7F22EAED76F986691D67BBBE95B6D877BDA8CB597390B57E5A43AF25BAF7E7CA3336CFD27DE24CFD6E6866870DC69A84B0046BCA4BB0EA6550442C
785,DE,272,0E80AEF21DB8D00A4508A62BE1CC26F9202A807324E6C104F8FFF0043266EB5F2A59A52F26903426EF0A92A47554D30D2AB9150515E0A71511869435FE89E9C75D6A2B1D54DD84F0595E3336FCEBFB1A26C91F76BE654675A31E3D79363FF4594F77531204FC78A0E2B46AC44BA11D93694367B4BBB08485A60D4F74C3B80F5164903CA5
786,DE,272,0F00AE26A6075DDA44C979F35B2BD081B6695FCD92B0DF0EF07630F605E66339F71C4DB6B94CDC09EF6229E98AA3B30A2A91D42195BA685056744888DF6F0287A936AB1F1DA17F2F2372ECEEB852FBB369CDE506BFD36A745CC969C434C778704F5727B3FA421F5826ACC1CCF15DA6436892A7612B7DB9DFA9B75169BF17775CC5F04291
787,EE,44,0103020C0094010800040000800B00000241
788,DE,272,0B802F40859B70C94ED0A7EB2984797867D71081127EC8B0A77608E60CF66ACDD7CCF4D566947C83E1EAE9398B724E026A9724925486771AC63CEBA0F925EE334BA854F133D085D14775BAEF55A7FB3452EDBAFEAE9EED745CE9F277371DEA72C5ADF95EDAB5768B69346A3ED8D5E2926D4AB86C5327B139FF51F213EFB1FF3FCEA048FE
789,DE,272,0C00A32A849096D245DF50B93296F329BBFE167B10F07646B3690ED407A7AC8F2CE213BEA353512BECDBC4E182A5FE4095763FFC1611F158DE781EC26628871D0ECB6D1DBA27726AEB68CCA4EDCE7C7916C910A95A27E3A04B38A76C3E77F45D4E776B4F259A5FD2F93C0E3DF135B6436892DC6CAB0DF998363D046BBA48F79E38D84073
790,DE,272,0C80FE198FC1D0025139A62B3C89991B92A700DF3A765F0C4C873094AF8EEA7F931CE50CA641F47330F2AA088223D70A0A8A1C5414E00A4030F198C5D3B739CD914003AB63D6342779C9B254F28CDB1A417B9AF1E86EF7AA5D098E9AC0A5DDCEB6A0E150A3F873885699671C048C1D9B18C7C1D6AADD394DC6F0F9D5C71720E6F72B4222
791,DE,272,0D0057F564BE106184D6D6B6E35189BCC89A5CF3CD0E58AD50C8C90B8189CB39A9A6FBD646955C4510FDA9EA8A8509125C8DE2663D864E5FB9816E32DB159668B032DE3C9A01F48DFECD32C6EC768B864B7B4C40616D3386A51E4079F65435873FEA438F55074FE72282B5CC710435FD91653D6B0B4F36BCBC6DF2EBDE685566D71A417C
792,DE,272,0D80AEF98660FA5B74E3A6F0E25126F9203D18EB13D6B24978AE0241DB8E665D7A8C8A26676675239F4D02A4555B48FBD366C82AD58377A7CCC368C5203878CBBD32383CEC817B2FD2743337A3A2794B96CAF1F8BFBDFE5C531FE496C9E08A734F760C5BA7CACABA2284EDD2F3E0250E6CD46AD226457915B565DF42E1A3DB1E0BD74491
793,DE,272,0E00F6FB84A1DFD06CD94AFCB08871A154D800723BB0A0B2C56604BC6A90EA7F28E4A46202C61B6A8B27D47DE3CD63F22A9142F95989F9E3CE7E68C5203848CFBC3A29508A947B2FE175445EEC773BC3002DA5FED385B6F4D5F7F9AF2FCF25707947825C65DB777B24156B4C5B74176B68B6986362F73845BD9DFBD5AA4D3FAC830844C7
794,DE,272,0E8058D997FC00DA73C9E7FBE30039F98F3F403602435F0CE0C75084065EE9AF2BCCE4DC669464BE10FD5FEC8A8B09232AB104691A36FF891A86DE70DF3FE2750DEBAB828BF08B2E2CAF33E626ACFB1368EC6526AE2823746AE9B876365731707957BC5885477672367965C2ED7D1D4BD06867BCAADC394DA6F00F6BD951BFEE67504119
795,DE,272,0F006AFAB0416DCA54992AEEDBC4F925B90A15C3528E00EA79A635250896A58BE0941AFB5D4E101F0BB8813D8E79F705BC6B119214ED4573CE53EBA16227D77544ED6D52AB9C84D8588F0316EC76EB8E6D7BBAFE629DB7F45EC1FB56353FF4584F775312DA4D08AF26EC6BE5F17D0D0668BE6345A4FB9D7D49BA6A69EDB1F0ECCB10426E
796,EE,44,0103020C0098010800040000800B00000245
797,DE,272,0B8051F52BBBD0030B2D247B1C864FFCB807515A12D69049C56620BC4793E77528E4C10C66F474D9EE029D59CADB88EC2BB9140D6587A71D4CCE3788A787A615DD7BBDCD65D66E21582732E64AA9BB1BC4C56506BDB57A745EE9E8A6BBEFF6884FFE63E9244AD6AD66E44A55F17D1D5B288ED7615162C2B6F66DBBF2EE71FFFEA73C44BD
798,DE,272,0C001EF7FD3E2BF94471A7FB658EB92115D7508B11D60D0C7A8E28DC898EE97F284DC54A6744F5FCFCB7DA3D8A8300282B9919D415C0CB0DCF76045CDFEF968062E2BFA8FA5986F0595F303EE38724C31D38658EBABDFD5783116CE0066FB7A04A8633D77192758396BC471CF48D1D9B6C630E95E36D384DC6F0CFB1E1A3236FD766422C
799,DE,272,0C8057F514BCD00A120D66B9636879788817847324E68725597EB09CC08EDC7FDCC421F40FB437E3CEFA42504E5B3EE22E6023D13CA896584E0FC1100B37D025BF32063C5BD204B858A71AC633AE973C82CA95F955622D7383119C81DDE01F77A3A05757DA4D96AE26EC61E5E57DE24C3D6B986371F13945B29CCFB311A6B1E718D73FAE
800,DE,272,0D007DFE2F38D0D2B8D90E7A3789CF01F8DFD0EBD60EB6F4C56640BCFD8180C16914656CA24C4203477382E176A3A08397796494F9379011DA5CE782FBBED67344ED1F109A09A10C8C770506E8A7CC3EA98FE51FBEEFC7B45B38B976364731707957B78FE1421E522A244BC4F10DD9435E920FEDEB11511C9F341B216613FECDE70040D1
801,DE,272,0D80C6732F38D0D2BAD90E7A5E99894154D8A93306D48F06ACEF00BAFD81EC8228CCC7D8B24C4213EBFBB5144A1188EBEAE824EC1111F6584E3E2C88E9CFEAD59CEAEBAD5ED9B2D830F6730A8427D242A98FED44BF46F7AC349850FF36E70888E726FE4755FA9BA5E87C7E16FEAF95DA58D49E6370F13945BF99DF62D954D776A7D04967
802,DE,272,0E00AE72AF216DCA34994AFC5FC989BCA89A8F73D2E5C88C7AA6312C075ED4AEF91CD30CA647F463EF22BAC08A830082F569049227E297EE2789258DDFEE462954ED141065D68B2458A72CC6E3A41F5B96CA20FFBEB1D7CA18F53834333FF3524F760C5BA7CA88A56F386B1C028C1249E4F646D2AB2DC69A2EB0DBBBE881DE58E8D243A5
803,DE,272,0E808E0287B13DDA44F1A7DAE351E9BCB80E1F7F68867F03A873C90B9D8BEB5F3859A4784DE611618065F61C8AA349A601D462B17BB48A99C37EC5992F8E7C85BD3F2B4395D3B8BF87771792C410BE27A98F662ECD4F087B9A12F8AEC0C7F2AA40A5BBFE25128EA5A9386714012C1D9B58E05ED2ABA5399D02B5DBBB0881BE5838D8417C
804,DE,272,0F00A2077EB6A9DE7D9FA9F9A711F9F110D750A3C826C1B27526C90B6A8AD3392716CD6C6644E9FBEF224DC1CBE50F5AD366772812E2B85A222FE8D8263882C9B03ADB9C9A01B4AA61C933BEECA672C36915DED6266DF78CFC18C882D2A5D5CE0F50577A2C9878A05A956A9C08AA514765B217E6AB2DB495BC4DE2D5EEF9FFEE97D846C3
805,EE,44,0103020C009C010800040000800B00000249
806,DE,272,0B80AE2A2591916457715FFCD58DFF23B7DD9CDA125E79034F723DDCB407EA5FD895DC4A661C74F3B3F2823904730FD0226011D510684E5FE9821787EB340B87BE372136A3678B2A74BF33E6A6AE04CC43C6A6A655628E721C09F77492571E7F26A99C570DBE9CA5563A4A72B15A1B6E6760FFD440FA6793A5E5306488AFF0EC73603F12
807,DE,272,0C0045F5D0BFDD8A4429DFF2EC83694153D80075155E80040A773F0E90360188611AE0A466441FFAE0F8125161544A0C0AD7D4D31615B85A463E0387E431C6733D1D283895D30098B37807E88C51F8EE66CFE5465562D972B71EE0782CA74860BFD6531A29FC88A51C3C6A15BEA99FCB9765236FAB2538BCB66DCB2ECF17FF3E18D73C80
808,DE,272,0C803DFE8769D1F344F9B6B67B3D6FA09869A97C790D80D5B83C31A90556FAC228E465A967BC59EA1F4D12A18FE506B43DD714F01831B7A0EE38AC6C1F7DE51DCDC0D41A4ADB84F0AE5FBAB7EC79F3EA66CF6D4CEED30E7B151279C069ED7C715DB742802D6B78A0DAFE3A7208AA2340E9D4386E22F43E8DB9BF3BA9BE1706E9D2DB4504
809,DE,272,0D002F44D8BB59DB44F486DAA937A847B887A97C6B0D8DD4717638FC0456EAD661A0AD7C6946A832EFA27DE6105C08DAE84103F67B89BE0037898E8BDFEF6BCD861AD41AEADB8D70B3788CEBC6B6F2CA68343AFC376CBDCA0DAFF82ECFE0A1737F11BA584441F514793EE0CEA31B2CFD683A2FD052FA7196BCA6D293E370FFE6EF304724
810,DE,272,0D80AE2387EB503A05A9A9F99340F9A947D8377412DE0F248779750651574337C1136AF78206772FE6D18DE3DE9207006E81EB23433F485FF884E850DF2FE715ADAA96056AA6D8D858AF5516EC76A73B6B7D3B06BEB5AFA05CC9D56FC65460384A114DE932FC777606822E2831EF1E930E48986393F73945409DE632DE1706E952DA3DA8
811,DE,272,0E002E44876CD1F245F496DAA137C847B887A97CEB0C8DD4782738040576EA5F69A0AD7C6946A822EFA27DE6905C08DAF0413A9A6D6187EE3789708ADFE7E4E0F2EA2BE49BC1842959863CEC65AFF2D06F3C65AE47622676A31E1D7F373AF5204D86435F69425CB2CD3345C9D9BD154A699A25D2B9BF082BB6E522642BABC7581ED741A5
812,DE,272,0E807CF80607DFD8CC21EC4DDA37F9A9F86BA97CAB0C891F708E3DDD04DC6B2B28C5651427C47BF1BB2B82B97554D10C2AB98D04EA3700519B5F8A383638E7CE59A828C193FA8B2A60AE3CE4C45604CCA1C39AF1166CF7AC5C09F9A623A74860BFD47CAF25BA774026E46734F15D459068B25A94AB0D794EF6699BB6E351C7ABE3664260
813,DE,272,0F00AE278EA1F87FE428C70AF958FBD3B8DF8F8B3AA3EDE8953C10BAFD816E85ADA615D746F2C9EBDD4A69E6441FF847BF21519C15A837D50E78C5A59B83D3949D5CD21A89DB81D87E5B1EA4C04F9D275A9C55404762FD7659AFD78637C2F4A854B713803D605D1417826A9C08AA514168B2673DD35954719CECEBD517A609E7E7084409
814,EE,44,0103020C00A0010800040000800B0000024D
815,DE,272,0B80A7D6D769D7F84470E613A16DFB2147D8737412DE582578AE254CF4CB9ACA2CA2E84A66927CE3C542B24D6154330E03D92488FE378054B862F85E2B14FF9556ED5311B367A49EE567435613A16D82693D4936BEB5873958AFF5C0235985F04C7F467E341A9CA543385F14012D195B67328C63F4F1084D463DD13305A6A5E2CE663E22
816,DE,272,0C008E443AA9A062BB2EDEB2E371982DB80F29A712D6BAF4788EB0D00456D17F28E4D80C66B47903EF0AB7118AA339F22A914CF815E0B7A4CF3ECC51DFC7A814BD122B379B2986025987DF3AEC76FB1B6A351D07BEB57F8D5CC9BDD96543B4B24F5706F077F4361F63FE6A34F15D58E427C222DA910D7C32FF0C8BDFA702AB1EE720401C
817,DE,272,0C80E063EA24EA2244D9E467863F986CDD15508B12F6CDB53BB430FC0476B9104E90926D14D154758A78F178E5CD32F22A91579B51FAB7A8CE7EA51FBBAADC35BD1A69B9A90FB4D8588F185BAA1FFB3B693D4E44F2D0F78C5CE9B9D21D5994E52A6A43AF25BA36060D880F7A9030788621DD34B9FD615003DD40DB93EE51B055EA20422F
818,DE,272,0D00FD52D70D951C44D9E77FC8349745D15C33B621C6B0F9788E71A82F339C1A4690D83C6BB43557C447CD55CF9E08F22A9155803E92F2FB9A31BA35D2CFA761965E62BED92C84D8588F7242C7009E49643D245295D4B3C80EE4F8863617B4DC64140CEB188A0F6216F52C04C1501DBB689226C08040580EFF09D693EE51BE4ACC753FA0
819,DE,272,0D80C7668A4191766F8AFF58A13DAA56851F28B87194B7914FE852D0244692461EC8C53C1ED5412FCF3AFA27BEAE08F22A9155803E90F6E19C3BA53F9B8ADB04B01A6AB9B171CD9665BE0125D85BFB3B693D245295D6B1DC1DBBB9BB0326C7A87D677797058847661EC96A34F15D5CEF43C737D0FD44772BF94D9AC7C51F9E73821D407C
820,DE,272,0E00EF6CE333BF4B20F4F0678A1F920CB82F11DF39BAE5BA19E355C14D39B9527E888C620DB97403EF0AC345A1EE47B66FAC14D415C0F6FCE53AAB3D908BA3088C172BED9A218AFA538F7242C712B8762679203B8F98F78C5CE9F6A43C17B4DC641922C24087333D53B00546DC14589B2BFD09FACE6E4D20DF23B29EEE51BE4ACC6C3FFA
821,DE,272,0E80CB4CE62CB51F00B6D37F8C03D448FD0F13E47C98E5970CC359926D3AAF7228E4A4584DF0374EA04EC72CBBAE08F22A9155803E90F6EB852EA9229EF2D7009D2F1ADF97218AFA538FCCE913A904C496C29AF9416A0873A3160779C9E80A77B0A8BC50DA4588ADD93B95CB0EA2E244976D986B54F2C69249B2246C11AE00E118DF41D9
822,DE,272,0F0051FD78BE2FDDBB2659F41C8E06FE47D0AF74ED097F0B8771CF03FB891580D71B1AF3994B8BFC10F57DEE755CF70DD56EEB2BEA3F48573181178F203019CA42E5D41265DE7B27A770CCE913A904C496C29AF9416A0873A3160779C9E80A77B0A8BC50DA4588ADD93B95CB0EA2E244976D986B54F2C69249B2246C11AE00E118DF40ED
823,EE,44,0103020C00A4010800040000800B00000251
824,DE,272,0B8051FD78BE2FDDBB2659F41C8E06FE47D0AF74ED097F0B8771CF03FB891580D71B1AF3994B8BFC10F57DEE755CF70DD56EEB2BEA3F48573181178F203019CA42E5D41265DE7B27A770CCE913A904C496C29AF9416A0873A3160779C9E80A77B0A8BC50DA4588ADD93B95CB0EA2E244976D986B54F2C69249B2246C11AE00E118DF4169
825,DE,272,0C0051FD78BE2FDDBB2659F41C8E06FE47D0AF74ED097F0B8771CF03FB891580D71B1AF3994B8BFC10F57DEE755CF70DD56EEB2BEA3F48573181178F203019CA42E5D41265DE7B27A770CCE913A904C496C29AF9416A0873A3160779C9E80A77B0A8BC50DA4588ADD93B95CB0EA2E244976D986B54F2C69249B2246C11AE00E118DF40EA
826,EE,44,0103020C00A8010800010000800B00000252
827,EE,44,0104020C0090010800190000365B00000259
828,EE,44,0102020C0030000800040000000400000154
829,DE,48,0B80F75687412FDDBB2659F41C8E06FE47D00992
830,EE,44,0103020C0030000810000000800B000001E8
831,EE,20,010100000105
832,AA,14,550114
833,; ,52,9911030100B00DF24D4943313130332056322E332E31340597
